-- phpMyAdmin SQL Dump
-- version 4.5.1
-- http://www.phpmyadmin.net
--
-- Servidor: 127.0.0.1
-- Tiempo de generación: 20-08-2016 a las 22:41:23
-- Versión del servidor: 10.1.9-MariaDB
-- Versión de PHP: 5.6.15

SET SQL_MODE = "NO_AUTO_VALUE_ON_ZERO";
SET time_zone = "+00:00";


/*!40101 SET @OLD_CHARACTER_SET_CLIENT=@@CHARACTER_SET_CLIENT */;
/*!40101 SET @OLD_CHARACTER_SET_RESULTS=@@CHARACTER_SET_RESULTS */;
/*!40101 SET @OLD_COLLATION_CONNECTION=@@COLLATION_CONNECTION */;
/*!40101 SET NAMES utf8mb4 */;

--
-- Base de datos: `cgd_admision`
--

--
-- Volcado de datos para la tabla `deleg`
--

INSERT INTO `deleg` (`id`, `delegacion`, `created_at`, `updated_at`) VALUES
(1, 'DELEGACIÓN # 1 (MANZANILLO)', NULL, NULL),
(2, 'DELEGACIÓN # 2 (TECOMAN)', NULL, NULL),
(3, 'DELEGACIÓN # 3 (COLIMA)', NULL, NULL),
(4, 'DELEGACIÓN # 4 (COQUIMATLAN)', NULL, NULL),
(5, 'DELEGACIÓN # 5 (VILLA DE ALVAREZ)', NULL, NULL);

--
-- Volcado de datos para la tabla `des`
--

INSERT INTO `des` (`id`, `id_deleg`, `plant`, `nomplant`, `siglas`, `created_at`, `updated_at`) VALUES
(1, 2, '3010', 'FACULTAD DE CONTABILIDAD Y ADMINISTRACIÓN DE TECOMAN', 'FCATEC', NULL, NULL),
(2, 5, '3020', 'ESCUELA DE FILOSOFÍA', 'EF', NULL, NULL),
(3, 1, '3030', 'FACULTAD DE INGENIERÍA ELECTROMECÁNICA', 'FIE', NULL, NULL),
(4, 5, '3040', 'FACULTAD DE LENGUAS EXTRANJERAS', 'FLEX', NULL, NULL),
(5, 3, '4012', 'INSTITUTO UNIVERSITARIO DE BELLAS ARTES', 'IUBA', NULL, NULL),
(6, 3, '5010', 'FACULTAD DE CIENCIAS DE LA EDUCACIÓN', 'FCE', NULL, NULL),
(7, 1, '5020', 'FACULTAD DE CONTABILIDAD Y ADMINISTRACIÓN DE MANZANILLO', 'FCAMZ', NULL, NULL),
(8, 4, '5030', 'FACULTAD DE INGENIERÍA MECÁNICA Y ELÉCTRICA', 'FIME', NULL, NULL),
(9, 4, '5040', 'FACULTAD DE ARQUITECTURA Y DISEÑO', 'FAD', NULL, NULL),
(10, 3, '5050', 'FACULTAD DE CIENCIAS', 'FC', NULL, NULL),
(11, 2, '5060', 'FACULTAD DE CIENCIAS BIOLÓGICAS Y AGROPECUARIAS', 'FCBA', NULL, NULL),
(12, 1, '5070', 'FACULTAD DE CIENCIAS MARINAS', 'FCM', NULL, NULL),
(13, 3, '5080', 'FACULTAD DE CIENCIAS POLÍTICAS Y SOCIALES', 'FCPS', NULL, NULL),
(14, 4, '5090', 'FACULTAD DE CIENCIAS QUÍMICAS', 'FCQ', NULL, NULL),
(15, 3, '5100', 'FACULTAD DE CONTABILIDAD Y ADMINISTRACIÓN DE COLIMA', 'FCACOL', NULL, NULL),
(16, 3, '5110', 'FACULTAD DE DERECHO', 'FD', NULL, NULL),
(17, 5, '5120', 'FACULTAD DE ECONOMÍA', 'FE', NULL, NULL),
(18, 3, '5130', 'FACULTAD DE ENFERMERÍA', 'FE', NULL, NULL),
(19, 4, '5140', 'FACULTAD DE INGENIERÍA CIVIL', 'FIC', NULL, NULL),
(20, 3, '5150', 'FACULTAD DE LETRAS Y COMUNICACIÓN', 'FALCOM', NULL, NULL),
(21, 3, '5160', 'FACULTAD DE MEDICINA', 'FM', NULL, NULL),
(22, 2, '5170', 'FACULTAD DE MEDICINA VETERINARIA Y ZOOTECNIA', 'FMVZ', NULL, NULL),
(23, 5, '5180', 'FACULTAD DE PEDAGOGÍA', 'FP', NULL, NULL),
(24, 3, '5190', 'FACULTAD DE PSICOLOGÍA', 'FPSIC', NULL, NULL),
(25, 3, '5200', 'FACULTAD DE TELEMÁTICA', 'FT', NULL, NULL),
(26, 3, '5210', 'FACULTAD DE TRABAJO SOCIAL', 'FTSOC', NULL, NULL),
(27, 3, '5101', 'ESCUELA DE MERCADOTECNIA', 'EM', NULL, NULL),
(28, 1, '5021', 'ESCUELA DE COMERCIO EXTERIOR', 'ECOME', NULL, NULL),
(29, 5, '3041', 'FACULTAD DE TURISMO', 'ETUR', NULL, NULL),
(30, 1, '5022', 'ESCUELA DE TURISMO Y GASTRONIMIA', 'ETG', NULL, NULL);

--
-- Volcado de datos para la tabla `encuesta`
--

INSERT INTO `encuesta` (`id`, `ver`, `feap`, `id_deleg`, `plant`, `id_programa`, `gene1`, `gene2`, `gene3`, `gene4`, `gene5`, `ipa1`, `ipa2`, `ipa3`, `ipa4`, `ipa5`, `en1`, `en2`, `en3`, `en4`, `en5`, `cp1`, `cp2`, `cp3`, `cp4`, `cp5`, `pa1`, `pa2`, `pa3`, `pa4`, `pa5`, `coment`, `created_at`, `updated_at`) VALUES
(5, 1, '2016-07-20', 1, '5022', 49, 6, 6, 6, 0, 0, 6, 6, 0, 0, 0, 6, 6, 0, 0, 0, 0, 0, 0, 0, 0, 'pa1', 'pa2', 'pa3', '', '', 'coment', '2016-07-20 14:24:21', '2016-07-20 14:24:21'),
(6, 1, '2016-07-20', 3, '5110', 30, 6, 6, 6, 0, 0, 6, 6, 0, 0, 0, 6, 6, 0, 0, 0, 0, 0, 0, 0, 0, 'pa1', 'pa2', 'pa3', '', '', 'coment', '2016-07-20 15:33:33', '2016-07-20 15:33:33'),
(7, 1, '2016-07-20', 3, '5010', 13, 6, 6, 6, 0, 0, 6, 6, 0, 0, 0, 6, 6, 0, 0, 0, 0, 0, 0, 0, 0, 'pa1', 'pa2', 'pa3', '', '', 'coment', '2016-07-20 15:35:38', '2016-07-20 15:35:38'),
(8, 1, '2016-07-20', 3, '5130', 36, 6, 6, 6, 0, 0, 6, 6, 0, 0, 0, 6, 6, 0, 0, 0, 0, 0, 0, 0, 0, 'pa1', 'pa2', 'pa3', '', '', 'coment', '2016-07-20 19:17:35', '2016-07-20 19:17:35'),
(9, 1, '2016-07-20', 3, '5130', 36, 6, 6, 6, 0, 0, 6, 6, 0, 0, 0, 6, 6, 0, 0, 0, 0, 0, 0, 0, 0, 'pa1', 'pa2', 'pa3', '', '', 'coment', '2016-07-20 19:49:06', '2016-07-20 19:49:06'),
(10, 1, '2016-07-20', 3, '5130', 36, 6, 6, 6, 0, 0, 6, 6, 0, 0, 0, 6, 6, 0, 0, 0, 0, 0, 0, 0, 0, 'pa1', 'pa2', 'pa3', '', '', 'coment', '2016-07-20 19:52:40', '2016-07-20 19:52:40'),
(11, 1, '2016-07-20', 3, '5130', 36, 6, 6, 6, 0, 0, 6, 6, 0, 0, 0, 6, 6, 0, 0, 0, 0, 0, 0, 0, 0, 'pa1', 'pa2', 'pa3', '', '', 'coment', '2016-07-20 19:59:45', '2016-07-20 19:59:45'),
(12, 1, '2016-07-20', 3, '5130', 36, 6, 6, 6, 0, 0, 6, 6, 0, 0, 0, 6, 6, 0, 0, 0, 0, 0, 0, 0, 0, 'pa1', 'pa2', 'pa3', '', '', 'coment', '2016-07-20 20:12:46', '2016-07-20 20:12:46'),
(13, 1, '2016-07-20', 4, '5040', 60, 6, 6, 6, 0, 0, 6, 6, 0, 0, 0, 6, 6, 0, 0, 0, 0, 0, 0, 0, 0, 'pa1', 'pa2', 'pa3', '', '', 'coment', '2016-07-20 21:43:41', '2016-07-20 21:43:41'),
(14, 1, '2016-07-20', 3, '5050', 20, 6, 6, 6, 0, 0, 6, 6, 0, 0, 0, 6, 6, 0, 0, 0, 0, 0, 0, 0, 0, 'pa1', 'pa2', 'pa3', '', '', 'coment', '2016-07-20 21:45:10', '2016-07-20 21:45:10'),
(15, 1, '2016-07-20', 2, '5060', 24, 6, 6, 6, 0, 0, 6, 6, 0, 0, 0, 6, 6, 0, 0, 0, 0, 0, 0, 0, 0, 'pa1', 'pa2', 'pa3', '', '', 'coment', '2016-07-20 21:47:07', '2016-07-20 21:47:07'),
(16, 1, '2016-07-20', 1, '5022', 49, 6, 6, 6, 0, 0, 6, 6, 0, 0, 0, 6, 6, 0, 0, 0, 0, 0, 0, 0, 0, 'pa1', 'pa2', 'pa3', '', '', 'coment', '2016-07-20 21:47:58', '2016-07-20 21:47:58'),
(17, 1, '2016-07-20', 2, '5060', 24, 6, 6, 6, 0, 0, 6, 6, 0, 0, 0, 6, 6, 0, 0, 0, 0, 0, 0, 0, 0, 'pa1', 'pa2', 'pa3', '', '', 'coment', '2016-07-20 21:59:56', '2016-07-20 21:59:56'),
(18, 1, '2016-07-20', 5, '5120', 34, 6, 6, 6, 0, 0, 6, 6, 0, 0, 0, 6, 6, 0, 0, 0, 0, 0, 0, 0, 0, 'pa1', 'pa2', 'pa3', '', '', 'coment', '2016-07-20 22:01:40', '2016-07-20 22:01:40'),
(19, 1, '2016-07-20', 5, '5180', 38, 6, 6, 6, 0, 0, 6, 6, 0, 0, 0, 6, 6, 0, 0, 0, 0, 0, 0, 0, 0, 'pa1', 'pa2', 'pa3', '', '', 'coment', '2016-07-20 22:03:19', '2016-07-20 22:03:19'),
(20, 1, '2016-07-20', 4, '5090', 54, 6, 6, 6, 0, 0, 6, 6, 0, 0, 0, 6, 6, 0, 0, 0, 0, 0, 0, 0, 0, 'pa1', 'pa2', 'pa3', '', '', 'coment', '2016-07-20 22:05:19', '2016-07-20 22:05:19'),
(21, 1, '2016-07-20', 3, '5160', 19, 6, 6, 6, 0, 0, 6, 6, 0, 0, 0, 6, 6, 0, 0, 0, 0, 0, 0, 0, 0, 'pa1', 'pa2', 'pa3', '', '', 'coment', '2016-07-20 22:07:21', '2016-07-20 22:07:21'),
(22, 1, '2016-07-20', 3, '5100', 32, 6, 6, 6, 0, 0, 6, 6, 0, 0, 0, 6, 6, 0, 0, 0, 0, 0, 0, 0, 0, 'pa1', 'pa2', 'pa3', '', '', 'coment', '2016-07-20 22:11:14', '2016-07-20 22:11:14'),
(23, 1, '2016-07-20', 1, '5070', 27, 6, 6, 6, 0, 0, 6, 6, 0, 0, 0, 6, 6, 0, 0, 0, 0, 0, 0, 0, 0, 'pa1', 'pa2', 'pa3', '', '', 'coment', '2016-07-20 22:13:13', '2016-07-20 22:13:13'),
(24, 1, '2016-07-20', 3, '5101', 43, 6, 6, 6, 0, 0, 6, 6, 0, 0, 0, 6, 6, 0, 0, 0, 0, 0, 0, 0, 0, 'pa1', 'pa2', 'pa3', '', '', 'coment', '2016-07-20 22:15:24', '2016-07-20 22:15:24'),
(25, 1, '2016-07-20', 1, '5070', 27, 6, 6, 6, 0, 0, 6, 6, 0, 0, 0, 6, 6, 0, 0, 0, 0, 0, 0, 0, 0, 'pa1', 'pa2', 'pa3', '', '', 'coment', '2016-07-20 22:38:10', '2016-07-20 22:38:10'),
(26, 1, '2016-07-20', 3, '5100', 32, 6, 6, 6, 0, 0, 6, 6, 0, 0, 0, 6, 6, 0, 0, 0, 0, 0, 0, 0, 0, 'pa1', 'pa2', 'pa3', '', '', 'coment', '2016-07-20 22:38:59', '2016-07-20 22:38:59'),
(27, 1, '2016-07-20', 5, '3020', 4, 6, 6, 6, 0, 0, 6, 6, 0, 0, 0, 6, 6, 0, 0, 0, 0, 0, 0, 0, 0, 'pa1', 'pa2', 'pa3', '', '', 'coment', '2016-07-20 22:39:51', '2016-07-20 22:39:51'),
(28, 1, '2016-07-20', 3, '5050', 21, 6, 6, 6, 0, 0, 6, 6, 0, 0, 0, 6, 6, 0, 0, 0, 0, 0, 0, 0, 0, 'pa1', 'pa2', 'pa3', '', '', 'coment', '2016-07-20 22:40:35', '2016-07-20 22:40:35'),
(29, 1, '2016-07-20', 1, '5022', 49, 6, 6, 6, 0, 0, 6, 6, 0, 0, 0, 6, 6, 0, 0, 0, 0, 0, 0, 0, 0, 'pa1', 'pa2', 'pa3', '', '', 'coment', '2016-07-20 22:41:43', '2016-07-20 22:41:43'),
(30, 1, '2016-07-20', 2, '5060', 23, 6, 6, 6, 0, 0, 6, 6, 0, 0, 0, 6, 6, 0, 0, 0, 0, 0, 0, 0, 0, 'pa1', 'pa2', 'pa3', '', '', 'coment', '2016-07-20 22:48:12', '2016-07-20 22:48:12'),
(31, 1, '2016-07-20', 4, '5140', 57, 6, 6, 6, 0, 0, 6, 6, 0, 0, 0, 6, 6, 0, 0, 0, 0, 0, 0, 0, 0, 'pa1', 'pa2', 'pa3', '', '', 'coment', '2016-07-20 22:51:03', '2016-07-20 22:51:03'),
(32, 1, '2016-07-20', 4, '5140', 57, 6, 6, 6, 0, 0, 6, 6, 0, 0, 0, 6, 6, 0, 0, 0, 0, 0, 0, 0, 0, 'pa1', 'pa2', 'pa3', '', '', 'coment', '2016-07-20 22:52:02', '2016-07-20 22:52:02'),
(33, 1, '2016-07-20', 4, '5140', 57, 6, 6, 6, 0, 0, 6, 6, 0, 0, 0, 6, 6, 0, 0, 0, 0, 0, 0, 0, 0, 'pa1', 'pa2', 'pa3', '', '', 'coment', '2016-07-20 22:52:44', '2016-07-20 22:52:44'),
(34, 1, '2016-07-22', 1, '5022', 48, 6, 6, 6, 0, 0, 6, 6, 0, 0, 0, 6, 6, 0, 0, 0, 0, 0, 0, 0, 0, 'pa1', 'pa2', 'pa3', '', '', 'coment', '2016-07-22 15:47:22', '2016-07-22 15:47:22'),
(35, 1, '2016-07-25', 1, '5022', 48, 6, 6, 6, 0, 0, 6, 6, 0, 0, 0, 6, 6, 0, 0, 0, 0, 0, 0, 0, 0, 'pa1', 'pa2', 'pa3', '', '', 'coment', '2016-07-26 01:28:01', '2016-07-26 01:28:01'),
(36, 1, '2016-07-25', 1, '5070', 25, 6, 6, 6, 0, 0, 6, 6, 0, 0, 0, 6, 6, 0, 0, 0, 0, 0, 0, 0, 0, 'pa1', 'pa2', 'pa3', '', '', 'coment', '2016-07-26 01:29:40', '2016-07-26 01:29:40'),
(37, 1, '2016-07-26', 5, '3020', 4, 6, 6, 6, 0, 0, 6, 6, 0, 0, 0, 6, 6, 0, 0, 0, 0, 0, 0, 0, 0, 'pa1', 'pa2', 'pa3', '', '', 'coment', '2016-07-26 22:52:29', '2016-07-26 22:52:29'),
(38, 1, '2016-07-26', 5, '3020', 4, 6, 6, 6, 0, 0, 6, 6, 0, 0, 0, 6, 6, 0, 0, 0, 0, 0, 0, 0, 0, 'pa1', 'pa2', 'pa3', '', '', 'coment', '2016-07-26 22:54:18', '2016-07-26 22:54:18'),
(39, 1, '2016-07-27', 1, '5120', 14, 6, 3, 6, 0, 0, 2, 6, 0, 0, 0, 5, 6, 0, 0, 0, 0, 0, 0, 0, 0, 'Totam sit quibusdam reiciendis. Voluptate aliquid beatae facere deleniti excepturi praesentium rerum. Rem in quaerat et sunt excepturi cupiditate.', 'Explicabo minus voluptatem reiciendis laborum error. Aut praesentium consequuntur sunt voluptatum vitae. Dolorum nobis totam molestiae magni consectetur explicabo.', 'Aliquam id molestiae incidunt nulla veritatis. Ducimus beatae molestias quos repudiandae quis officiis eaque inventore. Repellendus tempora ipsam id sequi molestiae. Consequatur blanditiis sapiente earum illum dignissimos qui.', '', '', '', NULL, NULL),
(40, 1, '2016-07-27', 5, '5160', 49, 5, 2, 2, 0, 0, 4, 4, 0, 0, 0, 4, 2, 0, 0, 0, 0, 0, 0, 0, 0, 'Saepe facilis corporis consequatur quis. Maiores iusto dicta velit incidunt.', 'Perspiciatis porro aliquam nisi eaque officiis necessitatibus. Harum eos explicabo voluptatem maxime ullam exercitationem et. Velit libero soluta id velit sunt fugiat exercitationem. Est quia dolores fuga.', 'Aliquid deserunt maiores illo. Ullam commodi culpa voluptatibus iste ullam ut adipisci. Porro quas tempore rem aut.', '', '', '', NULL, NULL),
(41, 1, '2016-07-27', 1, '5050', 4, 5, 4, 1, 0, 0, 4, 1, 0, 0, 0, 4, 2, 0, 0, 0, 0, 0, 0, 0, 0, 'Perspiciatis quam dolore consectetur illo. Cum aut iusto eos ullam harum tempore facere.', 'Voluptatum eligendi eius necessitatibus ad numquam. Non ea fugit voluptatibus autem provident. Eum voluptatem eaque earum totam exercitationem. Quas assumenda fugit ut laboriosam.', 'Qui eos consequatur vero esse. Ad et omnis iste excepturi autem laborum. Laboriosam veniam praesentium recusandae cum est. Eum dignissimos doloremque quis tempore quia.', '', '', '', NULL, NULL),
(42, 1, '2016-07-27', 4, '4012', 3, 3, 2, 4, 0, 0, 1, 6, 0, 0, 0, 6, 4, 0, 0, 0, 0, 0, 0, 0, 0, 'Tenetur quia nulla veritatis inventore molestiae et ut. Qui fugiat quas et id ut. Qui deleniti nam eum cumque et placeat. Facere quis cumque sint rem quibusdam unde nulla.', 'Vero expedita qui nostrum quia. Nisi voluptatem autem placeat aut nisi. Voluptate ducimus magni dolores exercitationem minus repellat quam. Architecto molestiae fugit aut culpa.', 'Et quia incidunt et corporis. Et numquam inventore beatae omnis quia labore doloribus. Vel sit ducimus error nihil ratione animi.', '', '', '', NULL, NULL),
(43, 1, '2016-07-27', 5, '5050', 5, 3, 2, 4, 0, 0, 4, 5, 0, 0, 0, 3, 4, 0, 0, 0, 0, 0, 0, 0, 0, 'Eligendi laborum minima omnis maiores doloribus recusandae est. Animi quia ad ea odit qui architecto unde. Quo ut et et ipsam. Ipsam officiis ipsa ipsa nam architecto illum vel.', 'Accusantium ut est veniam in id. Et illo illo aliquid aut rerum sit reiciendis eos. Et et atque ipsum porro dolor assumenda doloribus.', 'Qui ut quidem praesentium. Animi quam placeat aspernatur sed dolore. Et dolores perspiciatis ut velit iure rerum. Assumenda quas eos laboriosam.', '', '', '', NULL, NULL),
(44, 1, '2016-07-27', 3, '3041', 47, 5, 3, 4, 0, 0, 5, 6, 0, 0, 0, 5, 1, 0, 0, 0, 0, 0, 0, 0, 0, 'Ex eum saepe quis laudantium provident et eius. Ea iure quo explicabo assumenda. Natus labore fugiat tenetur voluptatibus autem ut.', 'Tenetur doloribus nulla et rerum. Sit fuga ea perspiciatis dolores aut omnis dolore deleniti. Neque fugit amet ut fugit distinctio officiis ea.', 'Quia consequuntur minima fuga quia. Dolorem voluptas temporibus tempora totam qui. Voluptatibus recusandae nihil velit ad accusamus a rerum.', '', '', '', NULL, NULL),
(45, 1, '2016-07-27', 1, '5040', 2, 5, 5, 5, 0, 0, 1, 5, 0, 0, 0, 4, 1, 0, 0, 0, 0, 0, 0, 0, 0, 'Minus quis sit quia. Ut eaque aliquam est odio cumque eligendi. Ratione eum sit blanditiis error rerum quasi. Est vel illum ab ipsa quas.', 'Ipsum natus dolore fugiat. Reiciendis explicabo harum ut dolorum ea amet. Quam repudiandae omnis rerum dolorum iste. Accusamus dolorem cupiditate rerum distinctio.', 'Beatae quaerat perspiciatis facere molestiae quis ipsam labore. Est et consequatur nostrum distinctio aut. Sunt minus cum iure delectus rerum unde.', '', '', '', NULL, NULL),
(46, 1, '2016-07-27', 2, '5030', 8, 3, 1, 2, 0, 0, 4, 3, 0, 0, 0, 2, 2, 0, 0, 0, 0, 0, 0, 0, 0, 'Blanditiis odio dolores quia illo nam amet. Numquam quas et sed sint labore suscipit. Ut nostrum quibusdam ut aliquid et sit rerum sapiente.', 'Dolores aut modi ea sed. Voluptatem quo quod voluptatem laboriosam et libero. Provident ad quibusdam quam voluptatum vero veritatis.', 'Dolorum ut quisquam aspernatur nihil. Qui omnis aut eaque. Quia at asperiores quis error quae quis saepe.', '', '', '', NULL, NULL),
(47, 1, '2016-07-27', 1, '5040', 12, 5, 2, 6, 0, 0, 3, 3, 0, 0, 0, 6, 2, 0, 0, 0, 0, 0, 0, 0, 0, 'Ut aut perferendis iste consequuntur fugiat omnis. Sit deserunt sit et voluptas eaque impedit explicabo. At aut omnis rem unde. Est reiciendis fugit consequatur nulla rerum nostrum et laudantium.', 'Rerum sit alias repellendus nihil explicabo architecto quod. Nihil modi optio suscipit nihil quia quo. Dicta voluptatem perferendis atque beatae atque sit cupiditate.', 'Ratione occaecati repellat ut dolor. Voluptatem praesentium placeat non aperiam quaerat. Reiciendis natus debitis quia aspernatur. Ab accusantium modi facere officiis ut sit neque.', '', '', '', NULL, NULL),
(48, 1, '2016-07-27', 1, '5070', 33, 1, 5, 5, 0, 0, 2, 1, 0, 0, 0, 1, 6, 0, 0, 0, 0, 0, 0, 0, 0, 'Iste optio dolorum rerum dolorem dolorem ut. Nemo nostrum nostrum itaque nesciunt vero minima.', 'Ipsam doloremque expedita nihil voluptatibus nihil ipsa fugiat non. Nisi occaecati excepturi autem est. Voluptatem sint doloremque fugiat quo illo aut voluptas vel. Sit in debitis suscipit.', 'Alias consequatur minus est odit. Molestiae eveniet quam dolor laborum. Ratione ipsum ea suscipit ea. Quos quidem maiores et dignissimos corrupti accusantium. Vel pariatur non corrupti error odio alias doloribus.', '', '', '', NULL, NULL),
(49, 1, '2016-07-27', 1, '5070', 28, 4, 5, 3, 0, 0, 5, 6, 0, 0, 0, 5, 4, 0, 0, 0, 0, 0, 0, 0, 0, 'Eos ducimus odit aut sapiente libero praesentium ut deserunt. Impedit cum omnis sed libero autem occaecati dolor. Qui voluptates accusamus necessitatibus facere ut sed et. Molestiae nihil vero non nobis aut rem.', 'Harum quos aut nobis maxime fuga. Esse placeat dicta quis voluptates doloribus sit voluptatem dolorem. Dolor voluptas asperiores culpa itaque perspiciatis velit fuga. Et explicabo laborum consequatur atque numquam qui et.', 'A suscipit deserunt recusandae. Eum excepturi est in eum. Rerum eaque dolor et quo facilis. Sint nobis totam maxime expedita necessitatibus ea quo. Cumque rem voluptatem deleniti est sunt.', '', '', '', NULL, NULL),
(50, 1, '2016-07-27', 5, '5150', 22, 5, 3, 4, 0, 0, 4, 4, 0, 0, 0, 3, 1, 0, 0, 0, 0, 0, 0, 0, 0, 'Quam deserunt minima laudantium quae incidunt. Blanditiis sequi in ipsam. Cupiditate quia praesentium nemo placeat optio sint.', 'Esse quia voluptates a voluptas quibusdam. Earum eaque facilis qui sed error eaque nisi. Nostrum dolorem adipisci non saepe tempora.', 'Et vitae hic dignissimos aperiam iusto. Est laborum vel in sunt. Voluptatem sapiente aut illum laborum sit sit.', '', '', '', NULL, NULL),
(51, 1, '2016-07-27', 4, '3020', 30, 3, 2, 2, 0, 0, 3, 6, 0, 0, 0, 3, 1, 0, 0, 0, 0, 0, 0, 0, 0, 'Molestiae alias magni quia porro. Recusandae autem magnam fugit dolores perspiciatis iure. Minus enim aut doloribus neque quidem rerum est. Et repellendus voluptas unde aut.', 'Culpa aut nostrum qui. Aut ea fugit impedit aut incidunt illo quae. Facilis ab aliquid laboriosam placeat non qui. Similique odit et illo maiores ut.', 'Quia earum quo in molestiae. At nesciunt voluptates quis eos delectus amet voluptas quia. Possimus cum harum cum et. Eaque animi enim dolores porro ut.', '', '', '', NULL, NULL),
(52, 1, '2016-07-27', 4, '5022', 19, 1, 5, 6, 0, 0, 1, 5, 0, 0, 0, 5, 5, 0, 0, 0, 0, 0, 0, 0, 0, 'Rerum nam nam ea nobis reprehenderit. Numquam accusamus eos accusamus. Nobis accusantium possimus illum eos.', 'Facilis sunt minima et ipsa nihil. Ut et exercitationem cupiditate ut eum dicta. Aut molestias soluta adipisci qui eligendi a. Voluptatem omnis quibusdam est ad tempore expedita.', 'Doloribus debitis ullam aut sed a. Atque magni quia aut illum possimus saepe aperiam ad. Aperiam eaque ducimus eius harum id.', '', '', '', NULL, NULL),
(53, 1, '2016-07-27', 1, '3041', 27, 2, 6, 4, 0, 0, 6, 2, 0, 0, 0, 6, 5, 0, 0, 0, 0, 0, 0, 0, 0, 'Enim ut laborum quibusdam qui neque ab quos maxime. Tempore fugiat sint sed suscipit occaecati dicta. Labore dolor sequi in eligendi eius perspiciatis sint dolorum.', 'Similique quis quasi necessitatibus voluptatibus. Commodi sunt laborum est a quae quo nam. Cum repellendus laudantium quidem temporibus reprehenderit culpa est. Velit enim iusto veniam omnis est blanditiis.', 'Quo incidunt saepe atque harum accusantium. Illo fugit qui et nesciunt repellendus omnis est. Hic distinctio rerum praesentium dolorum quis fugit minima saepe. Deleniti voluptatem saepe soluta omnis delectus doloribus accusantium.', '', '', '', NULL, NULL),
(54, 1, '2016-07-27', 5, '5140', 42, 3, 4, 3, 0, 0, 4, 1, 0, 0, 0, 2, 3, 0, 0, 0, 0, 0, 0, 0, 0, 'Odit eaque voluptatem libero sint sed quos magnam dolorum. Aut quo consequatur occaecati doloribus.', 'Quibusdam modi accusantium quidem minima et eaque quisquam. Totam nulla eius reiciendis sit ipsam. Sint optio aspernatur ex mollitia porro magni quia et. Dignissimos eligendi vitae quos voluptatem laborum architecto ad amet.', 'Animi pariatur magnam est perspiciatis doloribus laudantium non. Deserunt repellat laboriosam occaecati corporis et. Nesciunt ut sapiente autem ipsa optio. Asperiores maxime quibusdam quisquam.', '', '', '', NULL, NULL),
(55, 1, '2016-07-27', 5, '5020', 22, 1, 4, 5, 0, 0, 5, 2, 0, 0, 0, 4, 1, 0, 0, 0, 0, 0, 0, 0, 0, 'Culpa velit numquam laborum rerum. Consequatur debitis blanditiis enim consequatur delectus voluptatem. Quas excepturi consequuntur illo dignissimos voluptatem atque.', 'Accusamus et voluptate nam omnis assumenda voluptates velit. Sed cumque maiores sint ea ipsam accusantium ea. Deleniti quibusdam necessitatibus dignissimos unde saepe eum quos. Qui expedita rerum sed placeat molestiae non.', 'Enim dolores vel officia inventore numquam sunt. Aut quidem nemo esse eligendi ab debitis.', '', '', '', NULL, NULL),
(56, 1, '2016-07-27', 3, '5100', 38, 3, 3, 5, 0, 0, 2, 1, 0, 0, 0, 2, 6, 0, 0, 0, 0, 0, 0, 0, 0, 'Fugit est qui eius voluptatem. Aliquam modi et neque dolores sed doloremque. Quae praesentium iure repellendus. Repellat hic aut nam aspernatur.', 'Possimus quis quibusdam odio voluptatem. Possimus optio omnis modi quia ut enim. Enim ex et nostrum quia repellendus voluptatem quo blanditiis.', 'Et recusandae perferendis vel atque nesciunt. Dolore aperiam ratione occaecati ea est vero. Libero eum modi possimus cupiditate aut dolore dignissimos. Recusandae magnam voluptatem eos sed veritatis at modi amet.', '', '', '', NULL, NULL),
(57, 1, '2016-07-27', 5, '5021', 12, 3, 6, 3, 0, 0, 6, 3, 0, 0, 0, 2, 5, 0, 0, 0, 0, 0, 0, 0, 0, 'Eligendi et sed vel. Maiores exercitationem quia officiis omnis quo dolor et. Ut rerum ut ratione aspernatur est voluptas sequi. Reiciendis doloremque rem commodi.', 'Odit rerum ex quod omnis. Numquam delectus sit magnam cumque.', 'Consectetur quam numquam eos suscipit qui exercitationem qui. Vel voluptatem alias deserunt est nesciunt iusto voluptas. Aut aspernatur doloribus facilis ipsam incidunt dolor. Aliquam et dignissimos cum tempora dolor incidunt.', '', '', '', NULL, NULL),
(58, 1, '2016-07-27', 3, '5150', 24, 1, 3, 4, 0, 0, 6, 5, 0, 0, 0, 4, 5, 0, 0, 0, 0, 0, 0, 0, 0, 'Quia voluptas et perspiciatis. Et impedit velit unde consequatur autem reprehenderit perferendis in. Id labore quisquam expedita et.', 'Quod soluta minima omnis. Animi rerum aut et est voluptatem dolor. Nobis fugiat omnis at eius quia quia sequi. Perspiciatis ex et est incidunt id.', 'Veniam culpa perferendis saepe ipsum qui. Quas nisi ut est aliquid quam error. Pariatur voluptatem et quae eum voluptatem blanditiis sit nostrum. Sint enim eveniet sequi alias vero quia tenetur voluptatem.', '', '', '', NULL, NULL),
(59, 1, '2016-07-27', 1, '5120', 28, 2, 1, 6, 0, 0, 4, 3, 0, 0, 0, 4, 3, 0, 0, 0, 0, 0, 0, 0, 0, 'Non dolore voluptas provident libero. Ullam fugiat aut in omnis. Nesciunt est omnis ut et at recusandae commodi. Recusandae unde doloremque harum.', 'Incidunt qui laboriosam autem dolorum. Similique praesentium fugit non sint aut eveniet qui. Accusamus aliquid harum impedit quo minima delectus.', 'Et exercitationem non et deleniti delectus dolorem. Quae possimus sunt non aut minima et nam. Ex et et voluptatum reiciendis eveniet. Perspiciatis sequi eos iure earum quam nihil.', '', '', '', NULL, NULL),
(60, 1, '2016-07-27', 3, '5110', 21, 3, 2, 4, 0, 0, 2, 5, 0, 0, 0, 5, 6, 0, 0, 0, 0, 0, 0, 0, 0, 'Accusantium aut dolore velit atque minima quis. Voluptatem temporibus animi omnis et. Nulla quia expedita quod maxime fugit. Qui numquam in porro omnis repudiandae consequatur voluptatum voluptatum. Modi autem mollitia velit aperiam iure quia.', 'Qui error totam magni dignissimos illo officiis aut rem. Consequatur ab architecto omnis quia sed est. Debitis dolore dolorum facilis autem quia deserunt in maiores. Sunt qui omnis quae molestiae doloremque et omnis.', 'Vitae aliquid praesentium in. Iusto tempore voluptatibus aut dolores dolore aliquam et porro. Porro nam unde illo ut non blanditiis eos.', '', '', '', NULL, NULL),
(61, 1, '2016-07-27', 5, '5100', 46, 6, 6, 4, 0, 0, 3, 1, 0, 0, 0, 4, 2, 0, 0, 0, 0, 0, 0, 0, 0, 'Id qui assumenda consequatur recusandae assumenda. Vitae totam architecto omnis sed sequi cum mollitia. Voluptates id voluptatem blanditiis aut. Dolorum labore eligendi provident non et ex. Accusantium praesentium laborum cum voluptas assumenda deleniti corporis.', 'Minus ab reprehenderit aut et consequuntur. Aspernatur totam eos voluptatem magnam corporis. Doloremque sit qui recusandae dolorem. Illum facilis optio quo nostrum.', 'Odio magni qui similique. Laboriosam laboriosam rerum error dolor tempore. Totam sed tenetur dignissimos veniam. Consectetur enim qui pariatur perferendis numquam nemo fugit.', '', '', '', NULL, NULL),
(62, 1, '2016-07-27', 5, '3010', 30, 4, 2, 5, 0, 0, 5, 3, 0, 0, 0, 2, 6, 0, 0, 0, 0, 0, 0, 0, 0, 'Aut fuga ut asperiores omnis. Et veritatis aut voluptates debitis eos ex id. Excepturi reprehenderit qui consequuntur iusto optio pariatur omnis. Illum error et rerum soluta fuga totam maiores autem.', 'Consequatur veniam autem rerum. Autem dolore eius exercitationem necessitatibus aspernatur ducimus eius qui. Error illum est omnis libero magnam quam. Suscipit ad nulla eius iure.', 'Et ut dolorem accusamus consequuntur omnis autem id. Ab distinctio et ut qui ducimus quidem natus. Error corrupti officia et accusamus est quasi.', '', '', '', NULL, NULL),
(63, 1, '2016-07-27', 3, '5060', 42, 5, 1, 2, 0, 0, 4, 6, 0, 0, 0, 5, 4, 0, 0, 0, 0, 0, 0, 0, 0, 'Magni nobis dignissimos rerum consequuntur esse voluptatem qui suscipit. Voluptatem minima et nihil et quo qui. Aperiam molestiae rerum eligendi aut. Sed iure eius qui.', 'Suscipit quisquam accusantium porro architecto. Rerum ipsa autem non magnam eos quos dolorem. Facere aut ad porro itaque. Tenetur odio illo sunt molestiae tenetur quia incidunt. Eveniet incidunt quis ipsa eum.', 'Officiis velit corporis officia fuga. Assumenda voluptate ut consectetur iusto rerum eligendi nobis iusto. Vero et modi non deleniti fugiat. Earum fugiat dolore cupiditate maiores nisi quos nobis.', '', '', '', NULL, NULL),
(64, 1, '2016-07-27', 1, '3010', 46, 4, 2, 4, 0, 0, 2, 4, 0, 0, 0, 5, 1, 0, 0, 0, 0, 0, 0, 0, 0, 'Maxime aspernatur accusamus provident dolorem fugit id. Molestiae amet voluptatem iure temporibus voluptates est blanditiis. Quidem et molestias similique minus distinctio nesciunt voluptatum. Iusto officia aut accusantium ut inventore et laboriosam. Dolorem sit facilis in ducimus consequatur exercitationem et.', 'Iste quia similique quia sint consequatur doloribus voluptatem ab. Qui quos suscipit velit aperiam necessitatibus.', 'Et autem vel vero cupiditate et voluptatibus esse. Et ea ad unde dolore in nemo. Odit sint debitis reiciendis doloribus et ullam ut. Laudantium voluptas beatae sit itaque sit accusamus qui.', '', '', '', NULL, NULL),
(65, 1, '2016-07-27', 5, '5022', 37, 2, 4, 1, 0, 0, 5, 6, 0, 0, 0, 3, 6, 0, 0, 0, 0, 0, 0, 0, 0, 'Magni facere non aut qui voluptatibus aut. Atque optio ducimus ut voluptatem voluptates. Maxime inventore ea hic facilis laboriosam aut. Assumenda officia est sit officia enim est.', 'Corporis soluta voluptatem odio molestias. Rerum ut veritatis suscipit et harum vel exercitationem. Aut iste architecto quo culpa veniam. Molestiae qui qui impedit est ipsam. Delectus accusantium molestias maiores iusto doloribus.', 'Est possimus dolorem soluta est et provident incidunt. Excepturi qui reprehenderit voluptas consequatur aut itaque repellat. Ut qui perferendis aut aliquid vitae.', '', '', '', NULL, NULL),
(66, 1, '2016-07-27', 2, '5100', 30, 5, 6, 3, 0, 0, 2, 3, 0, 0, 0, 6, 2, 0, 0, 0, 0, 0, 0, 0, 0, 'Ab delectus expedita nemo. Enim natus totam aut suscipit. Eos facilis commodi dolorem cum. Qui ut eius eos id nulla.', 'Non non atque similique facilis voluptatem qui. Omnis aliquid voluptatem iste alias. Veniam non adipisci et. Ad omnis molestiae ut inventore aspernatur.', 'At porro quo quaerat tempore. Omnis eum et explicabo. Consequuntur nihil ipsa repellendus.', '', '', '', NULL, NULL),
(67, 1, '2016-07-27', 4, '4012', 19, 3, 1, 3, 0, 0, 2, 1, 0, 0, 0, 2, 2, 0, 0, 0, 0, 0, 0, 0, 0, 'Aliquid earum quia numquam modi accusamus quia magni qui. Odio eos aut numquam perferendis in et. Sed debitis repudiandae qui cupiditate dignissimos ipsam.', 'Ut voluptatem dolor quia quod et. Dolorum culpa ea dignissimos odit. Veritatis praesentium libero consequatur debitis.', 'Tenetur eos quia nemo ad et rerum fugiat. Rerum id esse cum neque necessitatibus enim. Fugit culpa dolorum dolores aut.', '', '', '', NULL, NULL),
(68, 1, '2016-07-27', 2, '5060', 7, 2, 1, 2, 0, 0, 6, 5, 0, 0, 0, 5, 2, 0, 0, 0, 0, 0, 0, 0, 0, 'Temporibus exercitationem nisi error aut quasi nesciunt. Est ullam unde quaerat voluptatem. Fugiat et eveniet qui. Blanditiis in ut in alias.', 'Natus minus dolor perspiciatis ut hic dolores quos. Qui odio voluptas accusantium sed quia. Minima odio maiores qui nostrum veritatis autem eveniet quo. Quae magni magnam sit. Doloremque mollitia modi nesciunt fuga.', 'Ea consequatur iste deleniti ex molestias qui. Debitis ea dolor voluptas vero. Ipsa sunt aut voluptates provident.', '', '', '', NULL, NULL),
(69, 1, '2016-07-27', 1, '5022', 41, 2, 5, 2, 0, 0, 5, 6, 0, 0, 0, 5, 5, 0, 0, 0, 0, 0, 0, 0, 0, 'Et id perspiciatis dolorem voluptatem reprehenderit beatae repudiandae. Excepturi aperiam autem optio dolorum fuga ipsam debitis. Voluptates eum iusto cumque placeat porro natus saepe. A et sed eos blanditiis officia velit et.', 'Eos laudantium maxime enim nulla aut cum similique. Placeat qui vero eos velit aut et incidunt. Maiores tenetur reiciendis et. Voluptatem quam corporis sit molestiae.', 'Doloremque aut provident eum doloremque necessitatibus non corporis molestiae. Eveniet id quia est repellat voluptates molestiae eligendi. Sunt laboriosam illo rerum praesentium ea.', '', '', '', NULL, NULL),
(70, 1, '2016-07-27', 4, '5030', 38, 2, 3, 1, 0, 0, 1, 2, 0, 0, 0, 4, 1, 0, 0, 0, 0, 0, 0, 0, 0, 'Incidunt consequatur cumque officia vero itaque ut totam. Magni voluptas sit facilis eos ullam. Aut fugiat itaque magnam est quisquam iste dolores.', 'Et consequatur nisi quia. Aut officia asperiores beatae quam esse sunt nostrum. Iste nesciunt omnis ut et. Ullam molestiae sed ratione sit itaque omnis.', 'Voluptatem corporis maiores beatae eligendi natus qui eos. Numquam tempore iusto qui quo. Cum quia non nostrum natus. Dolorem quod qui perspiciatis laudantium expedita veritatis.', '', '', '', NULL, NULL),
(71, 1, '2016-07-27', 3, '3030', 5, 5, 5, 5, 0, 0, 6, 2, 0, 0, 0, 2, 6, 0, 0, 0, 0, 0, 0, 0, 0, 'Laudantium porro quo quod incidunt eaque autem. Aliquid eius omnis vel labore odio et itaque. Qui quidem et praesentium. Omnis corrupti ipsam aperiam quia. Qui et incidunt quo deleniti nemo error est.', 'Omnis earum eligendi doloremque quia illo necessitatibus repellat. Expedita et dolores eum et doloremque et ducimus. Non sit sed qui voluptas ipsum sint nesciunt. A est ut id voluptatem rerum consequatur aut esse.', 'Voluptate commodi omnis officia odio ipsa hic ullam. In recusandae tenetur quos accusantium et assumenda velit voluptatem. Saepe dolor in quos laborum voluptatem impedit temporibus illo. Iste magnam assumenda recusandae pariatur.', '', '', '', NULL, NULL),
(72, 1, '2016-07-27', 3, '5020', 25, 2, 4, 5, 0, 0, 6, 4, 0, 0, 0, 3, 3, 0, 0, 0, 0, 0, 0, 0, 0, 'Quo modi animi consequatur aut laboriosam. Voluptate voluptatem fuga omnis qui. Et aut velit eos labore aliquam iusto. Aliquam velit magnam corporis eaque qui fugiat aut.', 'Reiciendis aspernatur molestias repudiandae ut ea omnis dolore. Quod nesciunt repellendus tenetur ad voluptatum nisi eveniet voluptatem. Repellendus quae nobis similique sint. Qui consequatur architecto unde.', 'Vero nobis dolorem sed modi rerum. Non sed sit beatae et vitae ut rerum reiciendis.', '', '', '', NULL, NULL),
(73, 1, '2016-07-27', 2, '5040', 24, 5, 6, 4, 0, 0, 4, 1, 0, 0, 0, 6, 3, 0, 0, 0, 0, 0, 0, 0, 0, 'Deleniti perferendis ea reprehenderit voluptatum perferendis. Iure quae id est enim nobis et omnis. Asperiores provident tenetur molestiae a harum.', 'Dolorem hic expedita non quo. Nesciunt consequuntur dolor natus odio. Alias inventore et a iure mollitia harum. Quod omnis est quasi nesciunt magnam nemo.', 'At quod explicabo est tempora. In unde et omnis labore. Necessitatibus ex placeat dolore vero rem soluta unde rem. Facilis et ducimus totam dolores nulla quis.', '', '', '', NULL, NULL),
(74, 1, '2016-07-27', 2, '5040', 26, 5, 1, 6, 0, 0, 5, 5, 0, 0, 0, 6, 4, 0, 0, 0, 0, 0, 0, 0, 0, 'Cum qui cumque quidem culpa minus. Enim voluptas similique suscipit corrupti fuga est. Dolor sed sint quo sint nihil consectetur.', 'At pariatur perferendis dicta qui asperiores est. Necessitatibus possimus velit ipsam quaerat et vel sit dicta. Qui consectetur distinctio ut id nemo rerum. Vel id alias velit voluptas suscipit iste.', 'Iure dicta dolor est et dolore vero. Reiciendis hic quaerat doloribus laborum voluptas. Deleniti et omnis cum voluptatem.', '', '', '', NULL, NULL),
(75, 1, '2016-07-27', 3, '5120', 4, 4, 4, 5, 0, 0, 5, 2, 0, 0, 0, 2, 6, 0, 0, 0, 0, 0, 0, 0, 0, 'Incidunt itaque et ut qui et quasi. Qui suscipit sapiente modi. Sit odit dolorem voluptas harum.', 'Voluptatem voluptatem necessitatibus id nihil ut consectetur. Doloremque sequi molestias recusandae doloremque. Voluptas accusamus modi blanditiis reiciendis deserunt.', 'Modi quasi fuga distinctio maiores doloribus. Rerum sed voluptates similique reprehenderit voluptate adipisci voluptates. Sit sint minima fugit veritatis omnis. Commodi est incidunt voluptas excepturi.', '', '', '', NULL, NULL),
(76, 1, '2016-07-27', 3, '5090', 20, 1, 3, 6, 0, 0, 3, 4, 0, 0, 0, 4, 4, 0, 0, 0, 0, 0, 0, 0, 0, 'Voluptatem doloremque dolor modi id laudantium et. Pariatur rem unde quis quia culpa et id. Est sequi exercitationem sed molestiae. Minus maxime saepe neque animi libero.', 'Eligendi explicabo tempora vel aut occaecati in et. Recusandae velit quos qui quia dolorum dignissimos sequi. Aut adipisci officia porro ipsa. Odio officiis laudantium dicta eos eum est occaecati.', 'Distinctio qui odit unde magni. Quia autem explicabo exercitationem incidunt incidunt omnis. Nisi voluptates itaque occaecati cupiditate ut. Ea vero fugit impedit eos quas veritatis.', '', '', '', NULL, NULL),
(77, 1, '2016-07-27', 2, '5130', 49, 1, 6, 3, 0, 0, 1, 1, 0, 0, 0, 6, 1, 0, 0, 0, 0, 0, 0, 0, 0, 'Omnis numquam occaecati voluptas. Voluptates voluptate quia quia est at libero officia. Ut rerum ipsa doloremque.', 'Distinctio est qui iste vitae repellendus doloribus consectetur. Itaque odio aut provident consectetur quas est.', 'Nihil voluptatem et aut dolores soluta. Sint consequatur fugiat deserunt. Minima aut qui quod qui repudiandae dolorem.', '', '', '', NULL, NULL),
(78, 1, '2016-07-27', 4, '5140', 25, 5, 2, 6, 0, 0, 5, 3, 0, 0, 0, 1, 4, 0, 0, 0, 0, 0, 0, 0, 0, 'Temporibus eos distinctio omnis doloremque nam. Nihil et aut fugiat voluptas dolores aut. Facere cum recusandae et tempore vel vero. Quia quod impedit ab.', 'Fuga quisquam eius vel aut. Sit eius ea quo reiciendis nemo enim sed. Necessitatibus corrupti iusto alias nulla omnis iure dolor voluptas.', 'Consequatur illo neque dolorem. Non sed magnam sed. Sit tenetur mollitia vel necessitatibus nemo fuga aut.', '', '', '', NULL, NULL),
(79, 1, '2016-07-27', 1, '5150', 40, 4, 4, 6, 0, 0, 3, 5, 0, 0, 0, 5, 3, 0, 0, 0, 0, 0, 0, 0, 0, 'Assumenda quia mollitia praesentium voluptatem. Quam odit et quia dolorem nemo ut. Nihil provident ut tenetur corporis. Optio velit quibusdam provident placeat amet dicta itaque.', 'Omnis dicta omnis inventore omnis sunt. Numquam voluptatem quo esse id. At ipsam doloribus eos cumque nesciunt cupiditate ullam. Eos exercitationem eius recusandae rem ut tempora saepe.', 'Eligendi quas ut vel hic non. Et sunt reiciendis provident molestiae molestiae. Suscipit itaque ipsa quis nobis nulla. Voluptatem rerum mollitia eos laboriosam quod et modi quisquam.', '', '', '', NULL, NULL),
(80, 1, '2016-07-27', 1, '4012', 31, 5, 5, 4, 0, 0, 3, 4, 0, 0, 0, 3, 2, 0, 0, 0, 0, 0, 0, 0, 0, 'Nemo et incidunt omnis fugiat sunt aut dolores. Sed tenetur quae facilis odio fugiat vero accusamus et. In soluta et doloremque voluptatem quae ut rerum.', 'Veniam fugiat rerum eos beatae nostrum. Libero et et eos quo repudiandae incidunt. Nihil aut iure et ratione veritatis ut.', 'Maxime beatae excepturi repudiandae rerum nisi asperiores omnis numquam. Aut ex consequatur et officia esse. Natus et pariatur voluptatibus eaque est eum quam.', '', '', '', NULL, NULL),
(81, 1, '2016-07-27', 2, '5021', 13, 1, 3, 5, 0, 0, 6, 3, 0, 0, 0, 5, 2, 0, 0, 0, 0, 0, 0, 0, 0, 'Quis quisquam id commodi et fuga rerum ducimus qui. Quia rerum laborum enim distinctio reiciendis rem ut at. Ut eligendi in officiis et reiciendis deleniti porro. Nobis voluptas voluptatem libero consequatur.', 'Sint reprehenderit eligendi error velit. Rerum asperiores officiis sunt consequatur nihil perferendis commodi quia.', 'Ut omnis sequi dolore vero quos possimus facere. Voluptatem doloribus ut et. Ut velit enim ut optio.', '', '', '', NULL, NULL),
(82, 1, '2016-07-27', 2, '5150', 7, 2, 2, 3, 0, 0, 6, 5, 0, 0, 0, 3, 5, 0, 0, 0, 0, 0, 0, 0, 0, 'Rem debitis earum qui accusantium magnam. Enim labore deserunt dolores exercitationem maxime molestias odio. Illum harum labore fuga quo sunt beatae impedit.', 'Eum est aut enim aut. Necessitatibus nisi non tenetur. Pariatur fugit nihil recusandae exercitationem atque.', 'Totam beatae non aut placeat reiciendis. Quidem facilis laborum in. Veniam molestiae nulla natus non animi non neque cumque. Et qui explicabo error natus.', '', '', '', NULL, NULL),
(83, 1, '2016-07-27', 3, '5022', 33, 3, 5, 4, 0, 0, 1, 6, 0, 0, 0, 2, 4, 0, 0, 0, 0, 0, 0, 0, 0, 'Voluptatum dolorem ea omnis necessitatibus quidem provident id. Deserunt quasi sint laboriosam repellat. Sed quod deserunt molestiae omnis sit. Ullam enim consequuntur est nihil vel.', 'Esse perspiciatis sed aliquam numquam velit. Magnam unde repellendus consequatur. Dicta et dolore labore id dicta iste quibusdam.', 'A facere voluptatum odit quia. Veniam est eius architecto distinctio. Qui officiis mollitia doloremque.', '', '', '', NULL, NULL),
(84, 1, '2016-07-27', 4, '3040', 28, 1, 2, 6, 0, 0, 5, 1, 0, 0, 0, 1, 4, 0, 0, 0, 0, 0, 0, 0, 0, 'Sint magnam optio ut. Ut officiis et voluptas quibusdam minus. Doloribus esse ullam reprehenderit architecto amet dolores quam et. Tenetur explicabo et qui et sunt amet. Enim pariatur magni tempora rerum.', 'Laboriosam recusandae animi est tempora aspernatur. Omnis quaerat dolores et magni ut quia.', 'Est quas aut et ipsa. Nihil vitae a optio dignissimos. Veniam provident aut sint unde soluta ratione.', '', '', '', NULL, NULL),
(85, 1, '2016-07-27', 4, '5010', 35, 2, 6, 4, 0, 0, 3, 4, 0, 0, 0, 3, 6, 0, 0, 0, 0, 0, 0, 0, 0, 'Dolor enim itaque deserunt saepe. Ab placeat quos corrupti non velit in et. Aspernatur eum veniam eaque dolor ipsa fuga.', 'Enim maxime et voluptate ad voluptatum. At sunt eaque explicabo quo esse. Reprehenderit facilis quis dolor et iste ipsum omnis.', 'Vitae explicabo omnis id sit autem quia voluptatibus non. Assumenda corrupti necessitatibus quos voluptatum mollitia quos adipisci. Hic nulla magnam sed saepe omnis unde. Nihil nulla corporis dolor voluptatem hic ut rerum doloribus.', '', '', '', NULL, NULL),
(86, 1, '2016-07-27', 2, '5120', 18, 4, 4, 6, 0, 0, 1, 1, 0, 0, 0, 2, 4, 0, 0, 0, 0, 0, 0, 0, 0, 'Veritatis optio consequatur blanditiis earum. Sed velit similique eaque non quis cumque non id. Aliquam dolor autem autem id consectetur nihil et consequatur. Inventore aut deserunt aut a.', 'Debitis rerum sed in doloremque alias cum. Cupiditate et asperiores sint ut quasi quam voluptatem odio. Numquam ut velit ea nihil optio. Et nostrum voluptatum qui consequatur.', 'Id aliquam animi vitae voluptatem quisquam. Ea fugiat quis natus. Velit reprehenderit et ut accusantium.', '', '', '', NULL, NULL),
(87, 1, '2016-07-27', 5, '5130', 38, 3, 4, 6, 0, 0, 1, 2, 0, 0, 0, 3, 3, 0, 0, 0, 0, 0, 0, 0, 0, 'Beatae doloribus saepe assumenda amet sequi sint sint. Qui quo qui voluptates numquam asperiores voluptates enim animi.', 'Tempore rerum et vel. Quia facere et hic. Est soluta dicta deserunt deleniti. Et qui enim iste voluptas id.', 'Debitis labore quo laboriosam non reiciendis quia. Neque quis dolor minus illum sint. Nisi sed occaecati nulla praesentium.', '', '', '', NULL, NULL),
(88, 1, '2016-07-27', 1, '5120', 39, 1, 5, 5, 0, 0, 3, 2, 0, 0, 0, 2, 1, 0, 0, 0, 0, 0, 0, 0, 0, 'Aspernatur inventore qui vitae hic. Expedita enim et et qui sequi exercitationem. Modi ut quia sed delectus optio et. Dolore adipisci praesentium natus dolorem.', 'A consequatur ut eum vero debitis expedita voluptatem fuga. Nihil voluptas quia a qui neque quasi. Accusamus temporibus et explicabo illo id laborum. Sit molestiae velit minus quas.', 'Alias qui rem atque nostrum in. Similique ex dolore quo ipsam. Impedit officiis blanditiis sit quasi occaecati velit.', '', '', '', NULL, NULL),
(89, 1, '2016-07-27', 4, '5021', 36, 2, 2, 2, 0, 0, 4, 4, 0, 0, 0, 3, 4, 0, 0, 0, 0, 0, 0, 0, 0, 'Expedita et et officia. Ipsam omnis omnis aut error non. Totam necessitatibus autem qui.', 'Nemo maxime necessitatibus ipsam voluptate eligendi beatae odit. Omnis error commodi nulla molestias.', 'Temporibus vel ut tempora quisquam expedita blanditiis. Dicta voluptate eligendi alias repudiandae labore velit. Voluptatem et id at labore. Ipsam ut iste voluptatem libero.', '', '', '', NULL, NULL),
(90, 1, '2016-07-27', 3, '5021', 33, 4, 3, 3, 0, 0, 4, 3, 0, 0, 0, 5, 3, 0, 0, 0, 0, 0, 0, 0, 0, 'Ea libero qui omnis magni. Iure cumque porro delectus ut omnis qui. Aut autem debitis quis.', 'Doloribus numquam autem tenetur dignissimos ut minima delectus. Dolores voluptatibus soluta dolore. Deleniti error sit est aut commodi.', 'Ipsum asperiores odio itaque qui labore ipsum et. Accusantium sit molestiae error blanditiis cupiditate.', '', '', '', NULL, NULL),
(91, 1, '2016-07-27', 1, '5110', 11, 5, 2, 1, 0, 0, 2, 5, 0, 0, 0, 3, 5, 0, 0, 0, 0, 0, 0, 0, 0, 'Maxime ad nulla ut aliquid vel quia. Aut dolorum in aut consequatur. Eum provident voluptate voluptatibus cumque harum. Aperiam quas velit nesciunt harum quaerat eius.', 'Repudiandae quia saepe perspiciatis modi dolor laboriosam. Odit debitis id quisquam sequi qui. Sequi qui qui et maiores qui et.', 'Omnis adipisci fugiat repellat nisi expedita doloremque. Numquam qui architecto porro ducimus id facere libero est. Quia architecto sapiente iusto consequuntur dolorem omnis. Alias est omnis ab aut dolor mollitia ducimus ullam.', '', '', '', NULL, NULL),
(92, 1, '2016-07-27', 4, '5022', 6, 1, 2, 6, 0, 0, 3, 3, 0, 0, 0, 2, 5, 0, 0, 0, 0, 0, 0, 0, 0, 'Adipisci placeat et et. Nulla totam modi cupiditate doloribus molestiae labore. Enim dolor omnis est voluptas repudiandae sit enim pariatur. Impedit id saepe exercitationem voluptatem ipsa aut.', 'Sint hic impedit laborum aut. Sed culpa itaque consequatur aut aut natus minima. Iusto enim odio explicabo sint quae.', 'Id non et vitae necessitatibus velit nulla. Nobis maiores corrupti asperiores quas deserunt. Et dolor et saepe ut eius dolor facilis. Amet temporibus consectetur alias minus ad.', '', '', '', NULL, NULL),
(93, 1, '2016-07-27', 4, '5110', 19, 3, 5, 5, 0, 0, 5, 1, 0, 0, 0, 2, 4, 0, 0, 0, 0, 0, 0, 0, 0, 'Voluptatem sequi in occaecati fugiat atque aut libero itaque. Maiores incidunt tempora qui quisquam odit vero. Exercitationem ex incidunt ex. Nostrum magnam porro tenetur reiciendis.', 'Totam excepturi sed illo repellat et consequuntur. Ut animi reiciendis eos suscipit a. Aut et omnis voluptate quisquam consectetur numquam suscipit.', 'Nulla inventore rem dignissimos molestiae iure. Explicabo aut dolores cumque ex temporibus. Et dolor aliquam temporibus rerum nam. Et distinctio fugit aspernatur iste sed explicabo pariatur eligendi.', '', '', '', NULL, NULL),
(94, 1, '2016-07-27', 2, '5021', 21, 6, 1, 3, 0, 0, 1, 2, 0, 0, 0, 3, 4, 0, 0, 0, 0, 0, 0, 0, 0, 'Saepe occaecati veritatis facere quidem ex. Officia nisi adipisci sapiente placeat magnam aut quidem. Et hic rerum adipisci neque.', 'Laboriosam asperiores ipsa dolore cum. Voluptatem et aut fugit numquam. Aperiam excepturi corporis dolorem dolor voluptates et ab. Aut aliquam animi delectus iusto quis sit qui. Ut nobis ipsa quia aspernatur vel aut sit.', 'Atque recusandae et tempore rerum aperiam dicta optio voluptatem. Molestiae quo veniam voluptas velit vel laboriosam exercitationem. In et reprehenderit fuga vero cum.', '', '', '', NULL, NULL),
(95, 1, '2016-07-27', 1, '5030', 1, 3, 6, 4, 0, 0, 2, 6, 0, 0, 0, 1, 2, 0, 0, 0, 0, 0, 0, 0, 0, 'Blanditiis dolores placeat libero impedit temporibus debitis et. Maxime enim fugiat placeat ipsa.', 'Voluptatem incidunt qui et fuga inventore nulla adipisci. Cupiditate perferendis rem possimus minus dolorem qui. Blanditiis ut consequuntur excepturi ea. Earum repellendus qui minima ducimus qui et. Saepe minus voluptate voluptate dicta.', 'Rerum consequatur qui ratione rerum. Non ut aut sit voluptatibus. Minima ratione voluptatem distinctio et molestiae omnis omnis.', '', '', '', NULL, NULL),
(96, 1, '2016-07-27', 1, '5110', 42, 3, 6, 6, 0, 0, 3, 2, 0, 0, 0, 6, 3, 0, 0, 0, 0, 0, 0, 0, 0, 'Nihil consequatur quos magni deleniti et ea commodi. Voluptatem rerum architecto error rem dolor. Expedita dolor quia architecto non qui quo sapiente.', 'Quas amet blanditiis alias sapiente et deserunt perferendis. Vel laboriosam sed quos omnis. Reprehenderit ad et incidunt accusamus laboriosam ut totam culpa. Aspernatur quod ratione quia aliquam unde.', 'Non voluptas cumque accusamus aliquam quod tempora non. Non velit et molestiae enim. Pariatur quisquam dolorum molestias non ipsam adipisci.', '', '', '', NULL, NULL),
(97, 1, '2016-07-27', 1, '5100', 30, 1, 1, 4, 0, 0, 1, 2, 0, 0, 0, 5, 4, 0, 0, 0, 0, 0, 0, 0, 0, 'Magnam vitae et qui totam asperiores. Nesciunt fuga est saepe incidunt ipsa quas qui reiciendis. Ut nam cum architecto consequatur et nobis nemo. Voluptatibus porro itaque quis molestiae alias sed eaque repellat.', 'Id est tempora odit voluptatem blanditiis ut. Sint assumenda est in rem. Reprehenderit voluptatum assumenda illum ut in minus nemo et. Nisi praesentium tempora voluptas ut fugit eos.', 'Exercitationem et impedit accusamus vel deleniti aut sunt. In aut qui qui et aut et voluptatem. Velit vel ipsum tempore.', '', '', '', NULL, NULL),
(98, 1, '2016-07-27', 5, '5160', 14, 6, 6, 4, 0, 0, 3, 1, 0, 0, 0, 3, 4, 0, 0, 0, 0, 0, 0, 0, 0, 'Quis sit quo suscipit facilis sed. Deserunt sit voluptates officia vitae. Provident rerum facilis eos non mollitia cumque sit.', 'Sed in sequi vel voluptates. Beatae inventore ut nobis illo velit voluptatem voluptatum. Aut autem et corporis qui voluptatem. Ut culpa vitae vel esse architecto natus ex voluptas.', 'Voluptas aut enim ea maiores illo sunt et qui. Dolore vel voluptas doloremque nihil dolor laudantium corporis. Nulla aperiam molestiae rerum non earum consectetur. Alias possimus vitae eius quaerat est commodi.', '', '', '', NULL, NULL),
(99, 1, '2016-07-27', 2, '5090', 31, 1, 2, 4, 0, 0, 5, 6, 0, 0, 0, 3, 2, 0, 0, 0, 0, 0, 0, 0, 0, 'Non ullam est et ullam perferendis exercitationem. Hic consequuntur iure hic sit qui quibusdam dolore. Est non dolorum explicabo eum. Eos et suscipit nihil unde amet.', 'Sed voluptatem fuga exercitationem corrupti iste. Dolorum non sit et aut voluptas. Recusandae sunt sunt explicabo minus consectetur ut error nihil.', 'Nihil recusandae deserunt tenetur corrupti veniam sapiente. Iste nam corporis repellat officiis maiores. Corrupti eum ipsa quis totam. Iste id perferendis magni dolorum.', '', '', '', NULL, NULL),
(100, 1, '2016-07-27', 3, '5130', 13, 3, 6, 3, 0, 0, 3, 6, 0, 0, 0, 1, 2, 0, 0, 0, 0, 0, 0, 0, 0, 'Et dicta aliquam quis et vero dolorem ducimus. Debitis ad veritatis sed dolore repudiandae. Voluptatum commodi ipsa ut labore pariatur suscipit incidunt. Unde aut nostrum temporibus nostrum.', 'Veritatis quo est molestias aut. Quae sunt molestias quis eligendi similique iure consectetur sunt. Neque corrupti molestias nulla rerum modi similique. Unde dolorem quasi autem minima suscipit itaque facere.', 'Voluptatem quasi incidunt fugiat est animi. Nisi assumenda quia facere veniam praesentium.', '', '', '', NULL, NULL),
(101, 1, '2016-07-27', 2, '3040', 45, 4, 6, 1, 0, 0, 3, 5, 0, 0, 0, 1, 3, 0, 0, 0, 0, 0, 0, 0, 0, 'Modi adipisci est sit. Id voluptas unde ut fugit minima fuga sint. Qui ducimus repellendus quo vel neque. Soluta quasi magnam et consequatur.', 'Et est fuga voluptatem aut eveniet. Eos ipsum maxime velit. Eveniet rerum modi a eos iure dolorem. Ipsa est tempora sed et porro enim.', 'Fugit qui rerum quasi tenetur. Sunt quis et enim deserunt optio. Iure tempore minus ad.', '', '', '', NULL, NULL),
(102, 1, '2016-07-27', 4, '5022', 43, 1, 1, 3, 0, 0, 4, 6, 0, 0, 0, 5, 1, 0, 0, 0, 0, 0, 0, 0, 0, 'Nobis vel cum blanditiis non maxime. Soluta earum recusandae optio ex alias labore dolorem.', 'Quia accusantium et temporibus dignissimos laudantium dolore expedita. Sint ad fugiat quas rerum ea ut corporis quod.', 'Et voluptas vel ad iusto. Aliquam quis explicabo qui. Blanditiis unde ducimus facilis non dolores autem. Quisquam at quaerat quidem omnis similique qui magnam. Consequatur dolores sint recusandae ea nemo expedita et.', '', '', '', NULL, NULL),
(103, 1, '2016-07-27', 2, '4012', 33, 1, 5, 1, 0, 0, 5, 4, 0, 0, 0, 4, 5, 0, 0, 0, 0, 0, 0, 0, 0, 'Reprehenderit sint ea assumenda quas asperiores rem culpa et. Autem error ea asperiores quia. Aut perferendis voluptas sed occaecati quia sit dolor commodi.', 'Doloribus consectetur saepe minima error at et. Enim error dicta cupiditate alias. Facilis nobis voluptatem voluptas tenetur.', 'Dolor voluptatem sint cumque possimus doloremque quisquam. Nam natus molestiae repudiandae et sint et praesentium quod. Voluptatem libero quis hic excepturi quibusdam odio voluptatem dolor.', '', '', '', NULL, NULL),
(104, 1, '2016-07-27', 2, '5110', 7, 6, 5, 5, 0, 0, 6, 6, 0, 0, 0, 2, 5, 0, 0, 0, 0, 0, 0, 0, 0, 'Natus quia repellendus voluptate ut ut. Nisi voluptatibus labore ratione assumenda aut quia earum. Alias accusantium modi commodi pariatur quia. Ducimus laudantium mollitia adipisci et.', 'Amet est architecto soluta voluptas. Itaque excepturi consequatur modi quas ipsum omnis eaque. Atque odit ea ipsa nemo reiciendis voluptatem aliquid omnis.', 'Sit eum cum expedita ipsum. Iure rerum distinctio mollitia illo quia est. Laboriosam consequatur voluptatem aut eveniet sapiente rerum impedit. Voluptatem fugit sunt occaecati veniam.', '', '', '', NULL, NULL),
(105, 1, '2016-07-27', 4, '5080', 10, 1, 6, 6, 0, 0, 2, 6, 0, 0, 0, 6, 3, 0, 0, 0, 0, 0, 0, 0, 0, 'Dolore ab eveniet iste debitis nam aut. Cumque corrupti est consequatur. Ut veniam quaerat aliquam aut qui. Beatae qui corrupti est voluptatem nihil.', 'Eligendi qui rerum aut odit facere voluptas laboriosam. Nostrum optio dolorem cum voluptas. Omnis assumenda voluptatem tenetur rem expedita et nulla sequi. Fuga magni repudiandae dolores nesciunt sint velit et qui.', 'Molestiae voluptatem eum veritatis mollitia veniam aliquam aut. Cumque qui qui delectus officiis. Atque molestias vel sequi. Maiores autem laudantium non tempora cumque sapiente eos.', '', '', '', NULL, NULL),
(106, 1, '2016-07-27', 5, '3041', 44, 1, 2, 5, 0, 0, 3, 2, 0, 0, 0, 5, 6, 0, 0, 0, 0, 0, 0, 0, 0, 'Nulla aperiam sed laborum voluptatem. Dolor quia libero iusto aliquam officia inventore omnis qui. Nam magni temporibus nisi et.', 'Corporis impedit totam aut voluptas possimus. Consequatur delectus natus esse molestias et. Ut aut deserunt a temporibus placeat voluptatem. Fugiat sit qui accusamus magnam id.', 'Veritatis et autem rerum quod in commodi. Dolor in maxime deserunt non ducimus. Unde dolorum enim deleniti et.', '', '', '', NULL, NULL),
(107, 1, '2016-07-27', 4, '5030', 29, 4, 1, 5, 0, 0, 5, 4, 0, 0, 0, 6, 4, 0, 0, 0, 0, 0, 0, 0, 0, 'Commodi animi possimus ex. Velit qui autem commodi harum quia beatae iure sunt. Cum voluptatem quia et esse occaecati cum culpa. Rerum quibusdam sit est tempora ut nihil et laudantium.', 'Et tempora veritatis necessitatibus reprehenderit voluptatem quos alias rerum. Cupiditate dolorum veniam eius ut. Ut quia eos aut voluptatem. Commodi eum ea doloribus minima.', 'Sint provident culpa velit dolorum numquam possimus omnis ipsum. Beatae provident animi et. Cum aperiam dolorum quisquam.', '', '', '', NULL, NULL),
(108, 1, '2016-07-27', 5, '3010', 23, 5, 4, 4, 0, 0, 1, 6, 0, 0, 0, 1, 4, 0, 0, 0, 0, 0, 0, 0, 0, 'Enim nobis consequatur dolore corporis. Nemo et facere quis ea nemo et. Amet sit iusto asperiores sit cupiditate repellendus fugit. Modi illum voluptas consequatur corporis non.', 'Aut et eius placeat necessitatibus nam ut. Officiis quisquam vitae velit debitis quia tempora molestiae. Delectus aliquam deserunt accusantium aliquam culpa et.', 'Voluptatem explicabo consectetur asperiores dolores. Earum voluptas aut ea. Commodi voluptatem ipsum ipsa esse. At voluptatibus dolores dolor voluptate assumenda ad sit.', '', '', '', NULL, NULL),
(109, 1, '2016-07-27', 2, '5120', 41, 4, 1, 1, 0, 0, 6, 4, 0, 0, 0, 3, 1, 0, 0, 0, 0, 0, 0, 0, 0, 'Aspernatur vel rerum quod quae a ullam. Minima corrupti nemo optio harum sed at inventore. Ut similique aut minus et. Similique suscipit unde expedita quam. Voluptatibus qui inventore commodi.', 'Blanditiis ut consequatur tempora sed aut. Commodi aspernatur at optio velit et fugit. Sunt maiores sed voluptatem voluptas error pariatur. Illum nihil enim aut dignissimos.', 'Quibusdam sunt saepe necessitatibus facilis aliquid. Ut totam saepe magnam. Sequi saepe est nostrum esse debitis. Officiis qui aut aliquid.', '', '', '', NULL, NULL);
INSERT INTO `encuesta` (`id`, `ver`, `feap`, `id_deleg`, `plant`, `id_programa`, `gene1`, `gene2`, `gene3`, `gene4`, `gene5`, `ipa1`, `ipa2`, `ipa3`, `ipa4`, `ipa5`, `en1`, `en2`, `en3`, `en4`, `en5`, `cp1`, `cp2`, `cp3`, `cp4`, `cp5`, `pa1`, `pa2`, `pa3`, `pa4`, `pa5`, `coment`, `created_at`, `updated_at`) VALUES
(110, 1, '2016-07-27', 2, '5160', 17, 6, 4, 1, 0, 0, 4, 4, 0, 0, 0, 5, 4, 0, 0, 0, 0, 0, 0, 0, 0, 'Minima corrupti praesentium asperiores ut adipisci voluptas illo veniam. Hic corrupti possimus labore numquam.', 'Vero nihil esse repellat consequatur eligendi vel et vel. Ea velit ipsum id voluptatem doloremque reprehenderit. Accusantium veritatis est aut soluta labore. Voluptas impedit similique illo.', 'Deleniti ut omnis molestias esse repellendus ipsam esse sit. Itaque sapiente error aut qui velit. Adipisci natus reprehenderit nam rerum.', '', '', '', NULL, NULL),
(111, 1, '2016-07-27', 3, '5030', 5, 2, 2, 1, 0, 0, 4, 3, 0, 0, 0, 5, 3, 0, 0, 0, 0, 0, 0, 0, 0, 'Ipsa porro doloremque dolores rerum voluptatem quod. Impedit quis perspiciatis vitae aperiam repellat id sint qui. Animi quis blanditiis nulla non.', 'Repellat sapiente ut et nobis quod illo odit. Placeat recusandae veritatis cum minima non. Tenetur incidunt qui sint voluptas sint ullam.', 'Nam necessitatibus vero nam voluptatibus. Architecto non dignissimos consequuntur et. Aut est aperiam non.', '', '', '', NULL, NULL),
(112, 1, '2016-07-27', 5, '5030', 49, 6, 2, 1, 0, 0, 3, 4, 0, 0, 0, 4, 6, 0, 0, 0, 0, 0, 0, 0, 0, 'Laudantium provident veritatis beatae est. Omnis et consequatur enim nostrum. Fugiat id iure exercitationem eius accusamus officia voluptatem. Quisquam voluptatem magni eum facilis distinctio.', 'Quaerat eius fugiat similique cupiditate. Sint tempora praesentium earum at omnis enim. Cum libero quisquam ullam ipsum eius cum iusto.', 'Est adipisci iure ea. Magnam voluptatem facere eveniet perspiciatis alias temporibus dicta. Sapiente dolores est architecto deserunt veniam unde. In vel pariatur dolore id aut maiores ut.', '', '', '', NULL, NULL),
(113, 1, '2016-07-27', 3, '5021', 44, 6, 2, 3, 0, 0, 5, 1, 0, 0, 0, 2, 3, 0, 0, 0, 0, 0, 0, 0, 0, 'Voluptatum voluptatibus praesentium cupiditate sint vitae. Qui fugiat voluptatem mollitia dignissimos voluptate. Voluptatibus a officia fugit accusamus est. Necessitatibus et quae dolorem nobis velit.', 'Aspernatur ex molestias natus consequuntur earum. Ut et culpa aliquid et temporibus qui iste dignissimos. Cumque corporis aliquid molestias voluptatem in hic.', 'Modi voluptatum sunt consequatur aut ab neque. Maiores unde nobis neque debitis sed quibusdam quas. Repudiandae eius dolorem velit illum corrupti. Vel ut tenetur a quae.', '', '', '', NULL, NULL),
(114, 1, '2016-07-27', 3, '5030', 25, 1, 1, 2, 0, 0, 5, 1, 0, 0, 0, 4, 4, 0, 0, 0, 0, 0, 0, 0, 0, 'Vel inventore ut atque et molestias nemo molestias. Voluptatem neque molestiae corporis facilis optio quam. Est doloribus sint aut voluptatibus sed accusantium. Non voluptas rerum repudiandae quia aut et distinctio.', 'Magni est laboriosam vel ipsum ad possimus. Nesciunt natus dignissimos consequuntur doloremque. Ullam expedita numquam nam enim cumque labore. Reiciendis facilis qui autem quas.', 'Et totam repellat fugiat iste. Cumque ut perspiciatis quo. Ducimus ut quia ea cum voluptates dignissimos temporibus. Ea ratione porro numquam magnam.', '', '', '', NULL, NULL),
(115, 1, '2016-07-27', 3, '5120', 48, 6, 3, 1, 0, 0, 6, 4, 0, 0, 0, 5, 5, 0, 0, 0, 0, 0, 0, 0, 0, 'Voluptate et omnis ea in et magni ut dolorem. Voluptates exercitationem debitis sed hic voluptas libero. Tempora facere praesentium eos at quam aut voluptatem. Doloremque quos voluptatem quo molestiae a in fuga.', 'Magni ut suscipit est. Quo sit ratione atque et dolor aut non.', 'Animi laborum distinctio sunt alias iste natus culpa. Ut itaque sint ut.', '', '', '', NULL, NULL),
(116, 1, '2016-07-27', 4, '5030', 7, 2, 2, 6, 0, 0, 6, 1, 0, 0, 0, 5, 2, 0, 0, 0, 0, 0, 0, 0, 0, 'Et quia error dolor corrupti impedit hic velit. Accusamus sed explicabo voluptatem quidem repellat. Quisquam itaque molestias et mollitia velit reprehenderit.', 'Nobis delectus dolorem accusantium nostrum. Et eum sapiente assumenda debitis asperiores aspernatur eum et. Est soluta nostrum officiis facilis odit consequatur. Nam repellat modi commodi quasi dolores ex.', 'Ducimus perspiciatis ut officiis dolor velit voluptatem est. Ullam laudantium asperiores dicta voluptatem quis natus fugiat. Similique accusantium modi aut cumque omnis. Illum culpa et et voluptatem voluptatem sint. Aliquid cupiditate voluptatem velit sint quia.', '', '', '', NULL, NULL),
(117, 1, '2016-07-27', 1, '5130', 33, 6, 5, 3, 0, 0, 4, 1, 0, 0, 0, 2, 3, 0, 0, 0, 0, 0, 0, 0, 0, 'Praesentium omnis voluptatem fugiat vero reiciendis. Eveniet voluptates temporibus id soluta velit necessitatibus. Fugit aut voluptatem fuga aut quam et. Eos quod suscipit vel iusto rerum laudantium.', 'Illo consequatur repudiandae fugiat rerum. Dolore debitis itaque est. Sequi sit eum expedita vitae at debitis aut. Nostrum placeat eos perspiciatis consectetur placeat dignissimos ea qui.', 'Similique natus facere omnis. Quo rem debitis temporibus cumque eaque vero. Pariatur sapiente autem enim architecto quia.', '', '', '', NULL, NULL),
(118, 1, '2016-07-27', 5, '4012', 28, 4, 5, 3, 0, 0, 5, 1, 0, 0, 0, 5, 5, 0, 0, 0, 0, 0, 0, 0, 0, 'Vero enim sed est ea esse quasi dolorem. Quod modi est fuga nihil. Incidunt repellat vitae consequatur adipisci consequatur. Et doloremque similique a quidem voluptas nisi.', 'Minus voluptate velit expedita quibusdam error ut. Provident quisquam omnis fuga.', 'Dolorem tempora qui consequatur consectetur aut vero. Amet aspernatur sunt occaecati et. Et esse ad voluptas quo asperiores dolore. Aut est voluptas sint sed similique quod est.', '', '', '', NULL, NULL),
(119, 1, '2016-07-27', 4, '5100', 35, 3, 2, 6, 0, 0, 3, 6, 0, 0, 0, 5, 3, 0, 0, 0, 0, 0, 0, 0, 0, 'Quia velit maxime omnis minima nisi. Eos similique provident rerum fugit eligendi dolore repellat. Aspernatur veritatis consequatur repellendus reiciendis et. Cum repellat quasi quia veniam temporibus.', 'Aut tempora consectetur expedita ad. Occaecati repudiandae laboriosam et. Libero qui nam ipsum ea alias dignissimos et error. Accusamus impedit similique rerum asperiores.', 'Repudiandae maiores labore nihil. Modi quis et vero et quo minima quia. Et voluptatem quo alias animi dignissimos ex aut. Et voluptatem pariatur aut laboriosam.', '', '', '', NULL, NULL),
(120, 1, '2016-07-27', 2, '5060', 14, 4, 3, 1, 0, 0, 1, 1, 0, 0, 0, 4, 2, 0, 0, 0, 0, 0, 0, 0, 0, 'Cum et velit et. Quod adipisci eos eos a adipisci. Sint possimus et dolores molestias reprehenderit eligendi.', 'Exercitationem aut minima ea. Omnis consequatur mollitia hic. Distinctio tempore ratione officiis tenetur. Possimus illo incidunt et mollitia. Consequatur rerum iure voluptatem molestias ipsum quia.', 'Aliquid quibusdam qui voluptatum est aut. Dolores qui quaerat iure molestiae enim. Dolorem adipisci soluta rerum cum ipsa quaerat.', '', '', '', NULL, NULL),
(121, 1, '2016-07-27', 5, '5080', 3, 5, 6, 2, 0, 0, 5, 3, 0, 0, 0, 6, 3, 0, 0, 0, 0, 0, 0, 0, 0, 'Velit quis sint necessitatibus sed corrupti autem sint. Fugiat est earum voluptatem voluptatibus. Dolor soluta ut illo alias omnis corrupti sed quibusdam. Aliquid qui aspernatur quia laudantium magni dignissimos.', 'Officiis perferendis consequatur id et. Est sunt exercitationem nihil eligendi quo consequuntur. Eos quia ea incidunt delectus eius.', 'Officia perferendis ea sit. Possimus iure quo consectetur consequuntur a tenetur. Voluptatum harum nihil sapiente provident laborum dolorem. Non et eum quisquam qui possimus iusto perspiciatis.', '', '', '', NULL, NULL),
(122, 1, '2016-07-27', 1, '5160', 23, 6, 1, 3, 0, 0, 3, 2, 0, 0, 0, 3, 2, 0, 0, 0, 0, 0, 0, 0, 0, 'Aut est explicabo consectetur voluptas. Et libero molestias necessitatibus qui. Dolorum omnis velit eveniet quas. Ut fugit facilis et repellendus.', 'Et qui et aut distinctio adipisci aliquid. Expedita dolor perferendis doloribus atque ad et illum. Consequatur alias in dicta eligendi quo distinctio quis. Dolorem culpa et non et fugit unde repudiandae.', 'Sint molestiae tempore enim at nobis libero. Fuga saepe qui id distinctio.', '', '', '', NULL, NULL),
(123, 1, '2016-07-27', 1, '3040', 9, 3, 4, 6, 0, 0, 4, 2, 0, 0, 0, 5, 6, 0, 0, 0, 0, 0, 0, 0, 0, 'Vel id qui dolorum fuga animi qui quia eius. Officiis voluptatibus molestiae est nulla quasi minus. Sit modi nobis ad et cum labore sed.', 'A sint est ea dolor velit sit. Voluptates nobis et et ut. Pariatur error dolorem amet natus inventore consequatur cum. Repellendus illo saepe aut qui voluptatem.', 'Beatae perspiciatis accusantium quia quia. Incidunt culpa est occaecati autem vel. Placeat quod ad esse autem eum. Omnis nulla sit quae tempore maiores harum.', '', '', '', NULL, NULL),
(124, 1, '2016-07-27', 4, '5140', 47, 6, 1, 3, 0, 0, 3, 1, 0, 0, 0, 3, 5, 0, 0, 0, 0, 0, 0, 0, 0, 'Laborum esse dicta quia ut rerum quos consequuntur. Recusandae repellat est cupiditate illum repellat ipsam neque. Eius cupiditate alias modi debitis perspiciatis repudiandae corrupti in. Alias in quia perspiciatis fuga tempora.', 'Ut ullam iusto quaerat voluptas modi. Ut enim dolorum quas minima soluta iusto sunt. Dolorem dolorem est nihil odit similique eum. Error harum minima voluptatem ipsam neque in.', 'Voluptatem excepturi dolorem inventore dolores corrupti. Quis aspernatur eos reprehenderit officiis dolore nulla atque. Enim aliquam in aliquam quia dolores rem sit.', '', '', '', NULL, NULL),
(125, 1, '2016-07-27', 4, '3010', 30, 5, 4, 1, 0, 0, 3, 6, 0, 0, 0, 5, 3, 0, 0, 0, 0, 0, 0, 0, 0, 'Hic recusandae soluta sit soluta animi repudiandae. Cum saepe qui unde quaerat quaerat. Dolorum maxime delectus aut doloribus eos accusantium fugiat. Eligendi nesciunt et aut eligendi aut quos sed.', 'Debitis amet molestiae et sunt voluptas. Ea est voluptatem aut dicta qui placeat. In aut eos dolor quae qui tempora.', 'Ut quod fuga hic velit architecto. Ipsam rerum rem in inventore dolorem accusantium et iusto. Natus occaecati modi nemo culpa.', '', '', '', NULL, NULL),
(126, 1, '2016-07-27', 3, '5020', 49, 2, 6, 2, 0, 0, 6, 6, 0, 0, 0, 1, 6, 0, 0, 0, 0, 0, 0, 0, 0, 'Quia occaecati et illo aut voluptas. Quia eligendi rem eius dolorem asperiores id magni. Labore eos a reiciendis maiores aut ducimus perspiciatis. Qui nobis impedit veritatis itaque.', 'Aut totam sunt neque officia laborum nemo sed quidem. Aut eos excepturi dicta qui dolorum. Incidunt modi itaque eaque perspiciatis aut quam. Distinctio enim provident et error rerum.', 'Nam unde necessitatibus quisquam et. Omnis voluptatum totam fugit alias non. Quidem nam dolorum autem asperiores dolorem odio laborum repudiandae. Dolor sit facere ipsam assumenda est.', '', '', '', NULL, NULL),
(127, 1, '2016-07-27', 1, '5022', 31, 6, 4, 5, 0, 0, 1, 2, 0, 0, 0, 5, 4, 0, 0, 0, 0, 0, 0, 0, 0, 'Reiciendis rerum neque voluptate veritatis praesentium. Dolorem a aut doloremque quia id.', 'Sint earum necessitatibus qui enim nihil. Voluptas eos distinctio libero culpa. Corporis inventore repellat qui delectus laboriosam delectus. Fuga minima esse qui officia veritatis ut. Molestiae corporis qui non ipsa ex est.', 'Officiis cumque recusandae iusto id sint. Enim sapiente pariatur temporibus est libero quo consequatur. Rem nesciunt ut iure molestiae officiis sunt illum. Ad sed dolorum enim laudantium et.', '', '', '', NULL, NULL),
(128, 1, '2016-07-27', 3, '5020', 36, 3, 4, 6, 0, 0, 5, 1, 0, 0, 0, 5, 6, 0, 0, 0, 0, 0, 0, 0, 0, 'Et deleniti hic corrupti praesentium. Rerum quo velit tempore ipsa nisi. Laboriosam consequuntur eos voluptatem accusamus ducimus. Voluptatum voluptas animi aliquid autem ut.', 'Iste et autem reprehenderit aut. Sit voluptas beatae numquam provident laboriosam. Quam incidunt ut commodi maiores omnis ipsam dignissimos. Aut cumque et voluptatum.', 'Qui voluptate ullam ut. Consectetur nihil molestiae vero doloribus.', '', '', '', NULL, NULL),
(129, 1, '2016-07-27', 5, '5060', 39, 3, 5, 4, 0, 0, 5, 2, 0, 0, 0, 4, 4, 0, 0, 0, 0, 0, 0, 0, 0, 'Cumque corporis eos dolor eum id eius assumenda. Enim eum voluptas voluptatem quidem porro excepturi. Delectus hic ducimus ut nihil assumenda itaque ipsam. Ut qui magni modi molestiae quam officiis.', 'Dolores ipsa voluptatem ducimus magnam labore. Qui a dignissimos qui quia numquam ut id nihil. Magnam illum beatae iusto eos. Dicta voluptatibus quae dolorum rerum.', 'Asperiores quasi quia qui. Quo aspernatur et veritatis nulla ipsam asperiores sunt. Quibusdam dolorem eligendi dolorum at voluptatibus. Ullam dignissimos eos voluptatum et commodi temporibus consequatur. Ut inventore porro cupiditate nostrum doloribus.', '', '', '', NULL, NULL),
(130, 1, '2016-07-27', 1, '5160', 23, 5, 6, 6, 0, 0, 3, 4, 0, 0, 0, 4, 1, 0, 0, 0, 0, 0, 0, 0, 0, 'Nobis minus adipisci doloribus numquam incidunt soluta ullam. Soluta dolorem neque est recusandae quo quia aut explicabo. Repellendus et molestiae harum dignissimos sint fugiat dicta.', 'Veritatis facere dolor ut. Maiores vero distinctio impedit quasi. Cum et qui aut ea dolor qui doloremque voluptas.', 'Repudiandae asperiores ad consequuntur tempore cumque vero non. Qui quibusdam commodi ipsam nulla et. At necessitatibus quibusdam excepturi accusamus placeat sed voluptatem illo. Omnis est aut repudiandae minus impedit vero. Explicabo eligendi sint sunt fugiat corporis qui perspiciatis.', '', '', '', NULL, NULL),
(131, 1, '2016-07-27', 2, '3010', 37, 6, 1, 1, 0, 0, 3, 1, 0, 0, 0, 6, 5, 0, 0, 0, 0, 0, 0, 0, 0, 'Debitis iusto inventore perferendis error. Aut vel odit aspernatur ut. Sunt dolores blanditiis quam ipsum magni. Exercitationem et quos ut officiis asperiores qui est.', 'Nihil officia aut quia. Repellat voluptatibus est voluptatem cumque illum. Quibusdam ea vel inventore.', 'Impedit dolorem nobis saepe quas laudantium nisi et. Et dolore voluptas et quasi. Iste temporibus laudantium dolorem eos cumque aut pariatur.', '', '', '', NULL, NULL),
(132, 1, '2016-07-27', 1, '5130', 38, 4, 5, 3, 0, 0, 1, 4, 0, 0, 0, 3, 1, 0, 0, 0, 0, 0, 0, 0, 0, 'Tempora qui et aut in laborum non. Fugit asperiores aut consequatur quae nisi quia ducimus. In velit eaque quia dolor quis ut aliquam. Unde nemo magnam veritatis sunt sequi.', 'Placeat laborum quos cupiditate aut. Blanditiis ut libero sit natus natus et. Et soluta non accusantium eligendi nemo quia.', 'Veniam nihil saepe voluptates molestiae ex incidunt. Natus odit sit tempore sint est quisquam ut. Tempore et quas quo enim accusamus molestiae.', '', '', '', NULL, NULL),
(133, 1, '2016-07-27', 1, '3030', 5, 1, 1, 4, 0, 0, 6, 1, 0, 0, 0, 2, 1, 0, 0, 0, 0, 0, 0, 0, 0, 'Doloribus eveniet culpa quis quia autem ipsam nostrum cupiditate. Esse nam possimus alias sit autem ea. Aut cumque veniam quaerat. Sint tenetur omnis aut qui enim qui est.', 'Voluptatem tempore incidunt culpa nam magnam ipsum et. Sapiente velit beatae adipisci consequatur possimus ab. Sint cupiditate aspernatur similique. Iusto est sit omnis voluptatibus sunt aut. Ipsum distinctio ea quo consequatur esse autem.', 'Corrupti consequuntur aut quia consectetur id. Delectus in aut voluptas ipsa cumque impedit. Voluptas non voluptas repellendus.', '', '', '', NULL, NULL),
(134, 1, '2016-07-27', 4, '5101', 8, 3, 5, 4, 0, 0, 1, 3, 0, 0, 0, 2, 2, 0, 0, 0, 0, 0, 0, 0, 0, 'Magni corrupti et sed quos cumque temporibus doloribus. Sint id magni fugit recusandae commodi fugiat. Qui sunt quasi perspiciatis optio minus qui impedit. Est alias sit in omnis eius vero neque. Expedita est iusto voluptatum mollitia necessitatibus veniam.', 'Corporis soluta dolor dolore qui consequuntur et enim officia. Repudiandae accusamus deserunt quod possimus cum fuga laboriosam. Ipsa iusto itaque dolore architecto natus rerum similique.', 'Incidunt voluptate accusantium quaerat itaque et. Aut fuga omnis temporibus optio. Nobis commodi accusamus quam ad velit rem atque.', '', '', '', NULL, NULL),
(135, 1, '2016-07-27', 4, '5021', 30, 2, 3, 6, 0, 0, 4, 4, 0, 0, 0, 4, 5, 0, 0, 0, 0, 0, 0, 0, 0, 'At consectetur nisi sed. Veniam voluptatem dolorem sunt consectetur ea nihil ex. Voluptates ab sed molestiae sint non.', 'Distinctio voluptas qui in optio et vel. Amet numquam sit qui id dolores dicta. Quis velit inventore labore ratione voluptates eos. Quos necessitatibus iusto illo nulla natus quibusdam qui.', 'Dolor exercitationem rerum rerum voluptatem debitis cupiditate. Consequatur omnis doloribus quod. Et voluptas ut facilis non aut in est.', '', '', '', NULL, NULL),
(136, 1, '2016-07-27', 4, '5140', 23, 2, 3, 1, 0, 0, 3, 6, 0, 0, 0, 6, 3, 0, 0, 0, 0, 0, 0, 0, 0, 'Iste minima aperiam minima. Facilis explicabo hic vero ab voluptates. Qui officia rerum facilis nihil.', 'Optio ex omnis aut cum debitis consectetur rerum. Non molestias eos error rerum quia.', 'Ea iure similique qui expedita ipsam est. Deleniti totam laudantium sint voluptates.', '', '', '', NULL, NULL),
(137, 1, '2016-07-27', 5, '5070', 1, 2, 1, 5, 0, 0, 4, 5, 0, 0, 0, 3, 6, 0, 0, 0, 0, 0, 0, 0, 0, 'Autem voluptatem ex qui non. Quia quo qui omnis qui quia corrupti quae et. Dolores dolorum cum cumque nihil est temporibus possimus.', 'Expedita quia est quia. Autem incidunt ratione consequatur distinctio a qui et. Ad mollitia culpa quidem occaecati laboriosam laudantium molestias. Repellat perspiciatis quisquam quisquam corrupti rerum excepturi.', 'Minima expedita libero velit repudiandae perferendis qui numquam. Culpa eius dolorem sed. Rem quae adipisci explicabo deleniti corrupti sunt tempore.', '', '', '', NULL, NULL),
(138, 1, '2016-07-27', 2, '5080', 20, 1, 4, 6, 0, 0, 3, 1, 0, 0, 0, 1, 1, 0, 0, 0, 0, 0, 0, 0, 0, 'Et sit aut quasi doloremque perspiciatis impedit vel. Recusandae ad aut maiores id aliquid repellat. Qui officiis sit vel autem.', 'Perspiciatis vel adipisci aut cum. Veniam et vel pariatur veniam doloribus repellendus illo. Consequatur et aspernatur consequatur sit dignissimos facilis necessitatibus quis. Alias et dolorum ut.', 'Ratione sed nostrum id consequatur dolor. Sit repellendus voluptatem cumque consequatur et molestias qui. Et ipsum aspernatur fugit qui est culpa. Occaecati accusantium consectetur rem nemo aut.', '', '', '', NULL, NULL),
(139, 1, '2016-08-19', 2, '5060', 23, 6, 6, 6, 0, 0, 6, 6, 0, 0, 0, 6, 6, 0, 0, 0, 0, 0, 0, 0, 0, 'pa1', 'pa2', 'pa3', '', '', 'coment', '2016-08-19 22:18:52', '2016-08-19 22:18:52');

--
-- Volcado de datos para la tabla `inscritos`
--

INSERT INTO `inscritos` (`id`, `id_programa`, `insc`, `anio`, `created_at`, `updated_at`) VALUES
(1, 1, 25, 2016, '2016-07-22 05:00:00', '2016-07-22 05:00:00'),
(2, 2, 32, 2016, '2016-07-22 05:00:00', '2016-07-22 05:00:00'),
(3, 3, 14, 2016, '2016-07-22 05:00:00', '2016-07-22 05:00:00'),
(4, 4, 24, 2016, '2016-07-22 05:00:00', '2016-07-22 05:00:00'),
(5, 5, 35, 2016, '2016-07-22 05:00:00', '2016-07-22 05:00:00'),
(6, 6, 28, 2016, '2016-07-22 05:00:00', '2016-07-22 05:00:00'),
(7, 7, 24, 2016, '2016-07-22 05:00:00', '2016-07-22 05:00:00'),
(8, 8, 21, 2016, '2016-07-22 05:00:00', '2016-07-22 05:00:00'),
(9, 9, 19, 2016, '2016-07-22 05:00:00', '2016-07-22 05:00:00'),
(10, 10, 18, 2016, '2016-07-22 05:00:00', '2016-07-22 05:00:00'),
(11, 11, 31, 2016, '2016-07-22 05:00:00', '2016-07-22 05:00:00'),
(12, 12, 30, 2016, '2016-07-22 05:00:00', '2016-07-22 05:00:00'),
(13, 13, 20, 2016, '2016-07-22 05:00:00', '2016-07-22 05:00:00'),
(14, 14, 25, 2016, '2016-07-22 05:00:00', '2016-07-22 05:00:00'),
(15, 15, 22, 2016, '2016-07-22 05:00:00', '2016-07-22 05:00:00'),
(16, 16, 25, 2016, '2016-07-22 05:00:00', '2016-07-22 05:00:00'),
(17, 17, 32, 2016, '2016-07-22 05:00:00', '2016-07-22 05:00:00'),
(18, 18, 14, 2016, '2016-07-22 05:00:00', '2016-07-22 05:00:00'),
(19, 19, 24, 2016, '2016-07-22 05:00:00', '2016-07-22 05:00:00'),
(20, 20, 35, 2016, '2016-07-22 05:00:00', '2016-07-22 05:00:00'),
(21, 21, 28, 2016, '2016-07-22 05:00:00', '2016-07-22 05:00:00'),
(22, 22, 24, 2016, '2016-07-22 05:00:00', '2016-07-22 05:00:00'),
(23, 23, 21, 2016, '2016-07-22 05:00:00', '2016-07-22 05:00:00'),
(24, 24, 19, 2016, '2016-07-22 05:00:00', '2016-07-22 05:00:00'),
(25, 25, 18, 2016, '2016-07-22 05:00:00', '2016-07-22 05:00:00'),
(26, 26, 31, 2016, '2016-07-22 05:00:00', '2016-07-22 05:00:00'),
(27, 27, 30, 2016, '2016-07-22 05:00:00', '2016-07-22 05:00:00'),
(28, 28, 20, 2016, '2016-07-22 05:00:00', '2016-07-22 05:00:00'),
(29, 29, 25, 2016, '2016-07-22 05:00:00', '2016-07-22 05:00:00'),
(30, 30, 22, 2016, '2016-07-22 05:00:00', '2016-07-22 05:00:00'),
(31, 31, 25, 2016, '2016-07-22 05:00:00', '2016-07-22 05:00:00'),
(32, 32, 32, 2016, '2016-07-22 05:00:00', '2016-07-22 05:00:00'),
(33, 33, 14, 2016, '2016-07-22 05:00:00', '2016-07-22 05:00:00'),
(34, 34, 24, 2016, '2016-07-22 05:00:00', '2016-07-22 05:00:00'),
(35, 35, 35, 2016, '2016-07-22 05:00:00', '2016-07-22 05:00:00'),
(36, 36, 28, 2016, '2016-07-22 05:00:00', '2016-07-22 05:00:00'),
(37, 37, 24, 2016, '2016-07-22 05:00:00', '2016-07-22 05:00:00'),
(38, 38, 21, 2016, '2016-07-22 05:00:00', '2016-07-22 05:00:00'),
(39, 39, 19, 2016, '2016-07-22 05:00:00', '2016-07-22 05:00:00'),
(40, 40, 18, 2016, '2016-07-22 05:00:00', '2016-07-22 05:00:00'),
(41, 41, 31, 2016, '2016-07-22 05:00:00', '2016-07-22 05:00:00'),
(42, 42, 30, 2016, '2016-07-22 05:00:00', '2016-07-22 05:00:00'),
(43, 43, 20, 2016, '2016-07-22 05:00:00', '2016-07-22 05:00:00'),
(44, 44, 25, 2016, '2016-07-22 05:00:00', '2016-07-22 05:00:00'),
(45, 45, 22, 2016, '2016-07-22 05:00:00', '2016-07-22 05:00:00'),
(46, 46, 25, 2016, '2016-07-22 05:00:00', '2016-07-22 05:00:00'),
(47, 47, 32, 2016, '2016-07-22 05:00:00', '2016-07-22 05:00:00'),
(50, 50, 35, 2016, '2016-07-22 05:00:00', '2016-07-22 05:00:00'),
(51, 51, 28, 2016, '2016-07-22 05:00:00', '2016-07-22 05:00:00'),
(52, 52, 24, 2016, '2016-07-22 05:00:00', '2016-07-22 05:00:00'),
(53, 53, 21, 2016, '2016-07-22 05:00:00', '2016-07-22 05:00:00'),
(54, 54, 19, 2016, '2016-07-22 05:00:00', '2016-07-22 05:00:00'),
(55, 55, 18, 2016, '2016-07-22 05:00:00', '2016-07-22 05:00:00'),
(56, 56, 31, 2016, '2016-07-22 05:00:00', '2016-07-22 05:00:00'),
(57, 57, 30, 2016, '2016-07-22 05:00:00', '2016-07-22 05:00:00'),
(58, 58, 20, 2016, '2016-07-22 05:00:00', '2016-07-22 05:00:00'),
(59, 59, 25, 2016, '2016-07-22 05:00:00', '2016-07-22 05:00:00'),
(60, 60, 22, 2016, '2016-07-22 05:00:00', '2016-07-22 05:00:00'),
(61, 61, 25, 2016, '2016-07-22 05:00:00', '2016-07-22 05:00:00'),
(62, 62, 32, 2016, '2016-07-22 05:00:00', '2016-07-22 05:00:00'),
(63, 63, 14, 2016, '2016-07-22 05:00:00', '2016-07-22 05:00:00'),
(64, 64, 24, 2016, '2016-07-22 05:00:00', '2016-07-22 05:00:00'),
(65, 48, 26, 2016, '2016-08-14 22:42:40', '2016-08-14 22:42:40'),
(66, 49, 26, 2016, '2016-08-14 22:42:40', '2016-08-14 22:42:40');

--
-- Volcado de datos para la tabla `programa`
--

INSERT INTO `programa` (`id`, `nomcarr`, `carr`, `plant`, `created_at`, `updated_at`) VALUES
(1, 'Contador Público', 'FCAT-01', '3010', NULL, NULL),
(2, 'Licenciado en Administración', 'FCAT-02', '3010', NULL, NULL),
(3, 'Licenciado en Informática Administrativa', 'FCAT-03', '3010', NULL, NULL),
(4, 'Licenciado en Filosofía', 'FILOSOFIA-01', '3020', NULL, NULL),
(5, 'Ingeniero en Comunicaciones y Electrónica', 'FIE-01', '3030', NULL, NULL),
(6, 'Ingeniero Mecánico Electricista', 'FIE-02', '3030', NULL, NULL),
(7, 'Ingeniero  en Mecatrónica', 'FIE-03', '3030', NULL, NULL),
(8, 'Licenciado en Enseñanza de Lenguas', 'FLEX-01', '3040', NULL, NULL),
(9, 'Licenciado en Danza Escénica', 'IUBA-01', '4012', NULL, NULL),
(10, 'Licenciado en Música', 'IUBA-02', '4012', NULL, NULL),
(11, 'Licenciado en Artes Visuales', 'IUBA-03', '4012', NULL, NULL),
(12, 'Licenciado en Educación Especial', 'FCE-01', '5010', NULL, NULL),
(13, 'Licenciado en Educación Media , Especializado en M', 'FCE-02', '5010', NULL, NULL),
(14, 'Licenciado en Educación Física y Deporte', 'FCE-03', '5010', NULL, NULL),
(15, 'Contador Público', 'FCAM-01', '5020', NULL, NULL),
(16, 'Licenciado en Administración de Empresas', 'FCAM-02', '5020', NULL, NULL),
(17, 'Licenciado en Informática Administrativa', 'FCAM-03', '5020', NULL, NULL),
(18, 'Médico Cirujano y Partero', 'MEDICINA-01', '5160', NULL, NULL),
(19, 'Licenciado en Nutrición', 'MEDICINA-02', '5160', NULL, NULL),
(20, 'Licenciado en Matemáticas', 'CIENCIAS-01', '5050', NULL, NULL),
(21, 'Licenciado en Física', 'CIENCIAS-02', '5050', NULL, NULL),
(22, 'Licenciado en Ciencia Ambiental y Gestión de Riesg', 'CIENCIAS-03', '5050', NULL, NULL),
(23, 'Ingeniero Agrónomo', 'FCBA-01', '5060', NULL, NULL),
(24, 'Licenciado en Biología', 'FCBA-02', '5060', NULL, NULL),
(25, 'Licenciado en Administración de Recursos Marinos', 'FACIMAR-01', '5070', NULL, NULL),
(26, 'Licenciado en Oceanología', 'FACIMAR-02', '5070', NULL, NULL),
(27, 'Ingeniero Oceánico', 'FACIMAR-03', '5070', NULL, NULL),
(28, 'Licenciado en Administración Pública y Ciencia Pol', 'FCPyS-01', '5080', NULL, NULL),
(29, 'Licenciado en Relaciones Internacionales', 'FCPyS-02', '5080', NULL, NULL),
(30, 'Licenciado en Derecho', 'DERECHO-01', '5110', NULL, NULL),
(31, 'Contador Público', 'FCAC-01', '5100', NULL, NULL),
(32, 'Licenciado en Administración', 'FCAC-02', '5100', NULL, NULL),
(33, 'Licenciado en Economía', 'ECONOMIA-01', '5120', NULL, NULL),
(34, 'Licenciado en Negocios Internacionales', 'ECONOMIA-02', '5120', NULL, NULL),
(35, 'Licenciado en Finanzas', 'ECONOMIA-03', '5120', NULL, NULL),
(36, 'Licenciado en Enfermería', 'ENFERMERIA-01', '5130', NULL, NULL),
(37, 'Médico Veterinario Zootecnista', 'FMVZ-01', '5170', NULL, NULL),
(38, 'Licenciado en Pedagogía', 'PEDAGOGIA-01', '5180', NULL, NULL),
(39, 'Licenciado en Psicología', 'FPSIC-01', '5190', NULL, NULL),
(40, 'Ingeniero en Telemática', 'TELEMATICA-01', '5200', NULL, NULL),
(41, 'Ingeniero en Software', 'TELEMATICA-02', '5200', NULL, NULL),
(42, 'Licenciado en Trabajo Social', 'FTS-01', '5210', NULL, NULL),
(43, 'Licenciado en Publicidad y Relaciones Públicas', 'MERCA-01', '5101', NULL, NULL),
(44, 'Licenciado en Mercadotecnia', 'MERCA-02', '5101', NULL, NULL),
(45, 'Licenciado en Aduanas', 'COMEXT-01', '5021', NULL, NULL),
(46, 'Licenciado en Comercio Exterior', 'COMEXT-02', '5021', NULL, NULL),
(47, 'Licenciatura en Gestión Turística', 'TURISMO-01', '3041', NULL, NULL),
(48, 'Licenciado en Gestión Turística', 'TURYGAST-01', '5022', NULL, NULL),
(49, 'Licenciado en Gastronomía', 'TURYGAST-02', '5022', NULL, NULL),
(50, 'Ingeniero Mecánico Electricista', 'FIME-01', '5030', NULL, NULL),
(51, 'Ingeniero en Comunicaciones y Electrónica', 'FIME-02', '5030', NULL, NULL),
(52, 'Ingeniero en Sistemas Computacionales', 'FIME-03', '5030', NULL, NULL),
(53, 'Químico Farmacéutico Biólogo', 'FCQ-01', '5090', NULL, NULL),
(54, 'Ingeniero Químico en Alimentos', 'FCQ-02', '5090', NULL, NULL),
(55, 'Ingeniero Químico Metalúrgico', 'FCQ-03', '5090', NULL, NULL),
(56, 'Ingeniero Civil', 'FIC-01', '5140', NULL, NULL),
(57, 'Ingeniero Topógrafo Geomático', 'FIC-02', '5140', NULL, NULL),
(58, 'Arquitecto', 'FAyD-01', '5040', NULL, NULL),
(59, 'Licenciado en Diseño Industrial', 'FAyD-02', '5040', NULL, NULL),
(60, 'Licenciado en Diseño Gráfico', 'FAyD-03', '5040', NULL, NULL),
(61, 'Licenciado en Letras Hispanoamericanas', 'FLyC-01', '5150', NULL, NULL),
(62, 'Licenciado en Periodismo', 'FLyC-02', '5150', NULL, NULL),
(63, 'Licenciado en Lingüística', 'FLyC-03', '5150', NULL, NULL),
(64, 'Licenciado en Comunicación', 'FLyC-04', '5150', NULL, NULL);

--
-- Volcado de datos para la tabla `users`
--

INSERT INTO `users` (`id`, `nombre`, `username`, `email`, `password`, `remember_token`, `created_at`, `updated_at`) VALUES
(3, 'Enrique Rosales Busquets', 'root', 'erosales@ucol.mx', '$2y$10$bnhwnKS6366fZo.0Uj3m8uzm2dhiJUXpT7HV4iRwFhioLt18OqA.K', NULL, '2016-08-19 22:21:42', '2016-08-19 22:21:42');

/*!40101 SET CHARACTER_SET_CLIENT=@OLD_CHARACTER_SET_CLIENT */;
/*!40101 SET CHARACTER_SET_RESULTS=@OLD_CHARACTER_SET_RESULTS */;
/*!40101 SET COLLATION_CONNECTION=@OLD_COLLATION_CONNECTION */;
